Time,Address,Range,Rxpower,Position X,Position Y,Position Z,Orientation X,Orientation Y,Orientation Z,Orientation W
2024-06-12 16:37:05.951568,83,1.72,-60.92,0.04072312927246094,-0.02318852424621582,0.07724502563476562,0.033380563935107785,-0.019467601661910854,-0.05493117753675264,0.9977421080612434
2024-06-12 16:37:06.281345,83,1.72,-60.39,0.04039534378051758,-0.022900339126586913,0.07784680938720703,0.0396789661739819,-0.019399834391355612,-0.05127248623166564,0.9977075556121894
2024-06-12 16:37:06.610992,83,1.73,-60.71,0.041107955932617186,-0.023392681121826173,0.07825829315185547,0.04482807219717607,-0.018923803934869872,-0.042008202080676266,0.99793168091811
2024-06-12 16:37:07.271184,83,1.71,-61.86,0.04235158920288086,-0.022589672088623048,0.07842257690429688,0.039167351711611724,-0.014792277906334464,-0.006906462043581561,0.9990992960091506
2024-06-12 16:37:07.437387,83,1.74,-61.35,0.042343460083007815,-0.022903314590454103,0.07863417053222656,0.04146295220645528,-0.015385137099356898,0.005662628240683411,0.9990055384668551
2024-06-12 16:37:07.600910,83,1.75,-61.75,0.04299357604980469,-0.023998725891113282,0.07861065673828126,0.04580878459110428,-0.012136040819600366,0.01973577320346709,0.9986815179757517
2024-06-12 16:37:07.931133,83,1.72,-61.8,0.04279995727539063,-0.024473304748535155,0.0788714828491211,0.038131348629910244,-0.012451709476053573,0.05008290134678158,0.9979391991746626
2024-06-12 16:37:08.260966,83,1.75,-62.67,0.044739898681640626,-0.027522109985351564,0.07910808563232422,0.030728953373208485,-0.0065177358102991795,0.06674663292532251,0.9972753584820445
2024-06-12 16:37:08.591104,83,1.71,-62.82,0.05069044876098633,-0.03651770401000977,0.07994704437255859,0.022779293092936633,-0.0012482707074468102,0.04921972046714695,0.9985273887873127
2024-06-12 16:37:08.921099,83,1.69,-62.28,0.06887432861328124,-0.052119579315185544,0.08874286651611328,0.019294005755374453,-0.010710929646376433,0.02634072068539388,0.9994094192489462
2024-06-12 16:37:09.581009,83,1.67,-62.07,0.09993726348876954,-0.07854109954833985,0.12395748138427734,0.016698518020421806,-0.014236471211841796,0.029923203000209602,0.9993113068519763
2024-06-12 16:37:09.746017,83,1.66,-63.31,0.10253045654296875,-0.08710279846191406,0.14102613830566407,0.0191897764555492,-0.02070703616266193,0.036530696112150804,0.9989336706199202
2024-06-12 16:37:09.911206,83,1.65,-61.97,0.09997052001953124,-0.09694914245605468,0.16067166137695313,0.017707876772775556,-0.018679969971479766,0.03890052307408563,0.9989115259874634
2024-06-12 16:37:10.076119,83,1.63,-61.64,0.0929625701904297,-0.10722767639160156,0.181217041015625,0.012931303482679082,-0.01842170914548744,0.040970779857395535,0.9989068046197138
2024-06-12 16:37:10.241356,83,1.59,-64.1,0.08087728118896484,-0.11658954620361328,0.20208564758300782,0.01448160288130828,-0.01465981297237919,0.04341951962309838,0.9988443879797778
2024-06-12 16:37:10.406761,83,1.61,-63.58,0.06537046813964843,-0.1243725814819336,0.22169056701660156,0.013591808551574299,-0.015508594587699404,0.04470593977140104,0.9987873309252201
2024-06-12 16:37:10.571087,83,1.6,-62.99,0.04527653121948242,-0.13105160522460937,0.24424105834960938,0.012816322590007579,-0.010513682311743714,0.045455345992031125,0.9988288205069402
2024-06-12 16:37:10.736232,83,1.58,-63.33,0.025313865661621093,-0.13643893432617188,0.26970437622070315,0.012798836709179274,-0.005807758204043701,0.04348533384129074,0.9989552031750742
2024-06-12 16:37:10.901094,83,1.6,-64.76,0.005119867324829101,-0.1408777313232422,0.29742913818359373,0.01519571180289423,-0.0031677105799382318,0.04197672759015813,0.9989980058611956
2024-06-12 16:37:11.066127,83,1.62,-64.33,-0.011324823379516602,-0.1451690673828125,0.32160665893554685,0.01387096395074183,-0.0003631366619253432,0.03950698367600297,0.9991229502765349
2024-06-12 16:37:11.231077,83,1.6,-65.32,-0.023946666717529298,-0.14841543579101563,0.3522090148925781,0.013334079765534225,-0.0002232639732861574,0.034450162887182605,0.9993174279754882
2024-06-12 16:37:11.396099,83,1.62,-62.75,-0.03216716003417969,-0.1498663024902344,0.38746649169921876,0.011606714063669985,-0.0022740403058272487,0.030026131145698465,0.9994791358217543
2024-06-12 16:37:11.561006,83,1.61,-62.96,-0.03777156066894531,-0.14927149963378905,0.4294616394042969,0.010835285453162502,-0.003684696246515119,0.02517708902811853,0.9996174959938832
2024-06-12 16:37:11.726301,83,1.59,-64.45,-0.0398709831237793,-0.1468454895019531,0.4745234375,0.008426293225108636,-0.0001851357479354892,0.02228305850088042,0.9997161745572027
2024-06-12 16:37:12.057230,83,1.58,-62.39,-0.03165288543701172,-0.138055419921875,0.5806435546875,0.015025453510782811,-0.007209415510371293,0.022976787099721476,0.9995970882899431
2024-06-12 16:37:12.220986,83,1.6,-61.4,-0.024745773315429688,-0.13348291015625,0.6417330932617188,0.017920852708154217,-0.007898118115580954,0.022095742091102766,0.9995640310994777
2024-06-12 16:37:12.386388,83,1.62,-61.28,-0.01830104637145996,-0.12914398193359375,0.7048611450195312,0.01495409254224078,-0.008331558138994081,0.019538809425001486,0.9996625360661344
2024-06-12 16:37:12.551021,83,1.61,-61.8,-0.011589519500732422,-0.12438368225097657,0.7768285522460937,0.014272270147075616,-0.009579549318334424,0.016307957506681754,0.9997192525158554
2024-06-12 16:37:12.716105,83,1.61,-65.06,-0.006815018177032471,-0.11886029052734375,0.8476295166015625,0.013895664839902459,-0.009660037418614624,0.013924607052196695,0.999759824043955
2024-06-12 16:37:12.881401,83,1.62,-62.74,-0.0033645212650299074,-0.1121431884765625,0.925102294921875,0.015089565671441346,-0.007336010565166425,0.010857043467751423,0.9998002895967186
2024-06-12 16:37:13.046029,83,1.66,-61.71,-0.0003232274353504181,-0.10487686920166016,0.9955267944335937,0.0176295115606202,-0.00894025892334424,0.008301538219151404,0.9997701529760801
2024-06-12 16:37:13.211326,83,1.72,-63.86,0.0012297590970993043,-0.096644287109375,1.0643055419921874,0.019580347777496714,-0.007123536638810211,0.006572692930349776,0.99976130706458
2024-06-12 16:37:13.376143,83,1.74,-65.6,0.0021641616821289063,-0.08780421447753907,1.1228070068359375,0.018934966196523656,-0.004040618783680375,0.009630989398198366,0.9997661659911161
2024-06-12 16:37:13.541062,83,1.77,-65.89,0.0038530924320220945,-0.0805333023071289,1.1775970458984375,0.019333130455294924,-0.0059459113712506525,0.012667077633299356,0.9997151684427552
2024-06-12 16:37:13.706144,83,1.77,-66.5,0.004801073551177979,-0.07442063903808593,1.2225631103515624,0.0201811289625984,-0.004769038633815657,0.013436459970263966,0.9996946732984243
2024-06-12 16:37:13.871136,83,1.82,-66.11,0.007202745914459229,-0.07028651428222656,1.2634659423828125,0.017818812880402008,-0.004609440060624763,0.014625433389381012,0.9997236346779257
2024-06-12 16:37:14.036931,83,1.77,-68.68,0.009882845878601075,-0.06800189971923828,1.2965745849609376,0.018664215112522423,-0.005235308492027749,0.014693689061283084,0.9997041309281453
2024-06-12 16:37:14.201044,83,1.83,-69.35,0.0127413330078125,-0.06702178192138672,1.32633935546875,0.016287878978338378,-0.004205482534671541,0.01251664306323973,0.9997801539039154
2024-06-12 16:37:14.366140,83,1.83,-67.62,0.01620375633239746,-0.06630876159667969,1.35010791015625,0.01621615296201285,-0.0055788335202786934,0.010754563449217604,0.9997951029433438
2024-06-12 16:37:14.531206,83,1.85,-67.88,0.019555400848388672,-0.0654512481689453,1.371479248046875,0.017111528547520044,-0.007357868342658388,0.009460929363230128,0.9997817561297032
2024-06-12 16:37:14.696230,83,1.83,-67.74,0.022301227569580077,-0.06432463073730468,1.3891671142578126,0.01541905464678612,-0.00565230357360106,0.00723360306209595,0.9998389799895786
2024-06-12 16:37:14.861125,83,1.84,-68.15,0.025078365325927734,-0.06339213180541992,1.4021146240234375,0.017936088167411206,-0.007012139975398501,0.006177058044132849,0.9997954680965453
2024-06-12 16:37:15.025996,83,1.87,-68.7,0.02788516616821289,-0.06158751678466797,1.415314453125,0.0178106045740458,-0.007323414358929652,0.003638163130166811,0.9998079353901265
2024-06-12 16:37:15.191238,83,1.9,-67.69,0.03069712257385254,-0.05968340301513672,1.4144111328125,0.015754348353240948,-0.0049720759390319055,0.00010391084941570342,0.9998635184015928
2024-06-12 16:37:15.521172,83,1.82,-67.92,0.03656787872314453,-0.05383333969116211,1.285808349609375,0.02273608918570341,-0.010249174950567659,-0.0015583580062507462,0.999687749571082
2024-06-12 16:37:15.686167,83,1.79,-65.84,0.03821875762939453,-0.05315171813964844,1.197995849609375,0.024215619931041796,-0.010827683834744927,0.0013749754518223075,0.9996471751177787
2024-06-12 16:37:15.851132,83,1.77,-65.71,0.03674835586547852,-0.05553145980834961,1.0993951416015626,0.023294909372267608,-0.012586356702602922,0.00666729134281999,0.9996271705012377
2024-06-12 16:37:16.016097,83,1.71,-63.32,0.032321929931640625,-0.060607833862304686,1.00374560546875,0.019600794685695675,-0.0134610516287083,0.014153038752552147,0.9996170786016284
2024-06-12 16:37:16.181266,83,1.67,-63.09,0.02289338684082031,-0.0684259033203125,0.9051480102539062,0.01718932680355018,-0.010181291132044449,0.02023918054041127,0.9995955379433243
2024-06-12 16:37:16.346198,83,1.62,-63.11,0.01166416358947754,-0.07653411865234375,0.8239642333984375,0.016051423878893127,-0.006353750152254324,0.024358895231849923,0.9995542143568528
2024-06-12 16:37:16.516185,83,1.59,-63.26,-0.0010579320192337035,-0.08527400970458984,0.7568619384765625,0.01268885254831327,-0.0019244858116584163,0.025295793050470226,0.9995976249478278
2024-06-12 16:37:16.676224,83,1.62,-62.32,-0.013097397804260254,-0.09304656219482423,0.700322509765625,0.010237863921765419,0.0011692090007378642,0.02314933588281335,0.9996789103833882
2024-06-12 16:37:16.841157,83,1.6,-62.19,-0.022343948364257814,-0.0978879165649414,0.65696044921875,0.011131018529635028,0.0009215853094426291,0.019299316520688312,0.999751365567682
2024-06-12 16:37:17.006589,83,1.58,-61.36,-0.02900956153869629,-0.10006591033935547,0.62405029296875,0.009753774020345444,-0.00152949558860824,0.013476542165498732,0.9998604408870466
2024-06-12 16:37:17.171471,83,1.63,-62.21,-0.03318667984008789,-0.09959941864013672,0.5963735961914063,0.009337868477812955,0.0025241055986329427,0.01026959298588526,0.9999004701912949
2024-06-12 16:37:17.336211,83,1.62,-62.63,-0.03469754791259766,-0.09636430358886719,0.593887939453125,0.011710430488302035,-0.00013902784403098766,0.009208133725547633,0.9998890174434449
2024-06-12 16:37:17.501142,83,1.61,-62.28,-0.03317710876464844,-0.09260438537597657,0.6328125610351563,0.011604345200483038,0.0009869310822635219,0.005918364541019118,0.9999146648593803
2024-06-12 16:37:17.666210,83,1.64,-60.65,-0.026718206405639648,-0.08651435852050782,0.716542724609375,0.013327143636429796,-0.0007469972633026862,0.0032317326383207103,0.999905693554532
2024-06-12 16:37:17.831086,83,1.62,-62.99,-0.017822301864624024,-0.07895294189453125,0.8457760009765625,0.013859909985826882,-0.002561765990834575,-0.002095855184224164,0.9998984657836072
2024-06-12 16:37:17.996172,83,1.68,-62.53,-0.0058876795768737795,-0.06959310150146485,0.985773193359375,0.016834573279800456,-0.004843736767019669,-0.0038327093482738096,0.9998392109947469
2024-06-12 16:37:18.161734,83,1.7,-65.81,0.00656878662109375,-0.059261486053466796,1.1372069091796875,0.015046611448077252,-0.006991219665110467,-0.005093918042697044,0.9998493751693134
2024-06-12 16:37:18.326078,83,1.79,-66.38,0.0182531795501709,-0.04845566940307617,1.278203369140625,0.017040081461437342,-0.006354242314804483,-0.006621968074702004,0.999812689762392
2024-06-12 16:37:18.491194,83,1.83,-69.27,0.03135189819335937,-0.03791645431518555,1.411892578125,0.019653154815854057,-0.006343174417059886,-0.0059210835668205754,0.9997692065343596
2024-06-12 16:37:18.656132,83,1.88,-68.28,0.043842971801757814,-0.02844582176208496,1.515626708984375,0.019566181942692138,-0.0072263468879418995,-0.004621182537480171,0.9997717701224583
2024-06-12 16:37:18.989331,83,2.01,-68.37,0.06821296691894531,-0.012045982360839844,1.674226318359375,0.018812865440092284,-0.009292869454708618,-0.0054058453400803895,0.9997652269979515
2024-06-12 16:37:19.151130,83,2.05,-68.37,0.07932392120361328,-0.005713223457336426,1.725212890625,0.019647308042783862,-0.010364796633801408,-0.005742086581107276,0.9997367586912591
2024-06-12 16:37:19.316256,83,2.04,-70.63,0.08851805877685547,-0.00071260005235672,1.7638746337890625,0.016824739156844574,-0.009792996456982443,-0.0075626532212037835,0.9997818977216262
2024-06-12 16:37:19.481164,83,2.07,-69.16,0.09343901062011718,0.002127920150756836,1.7954334716796876,0.020069051318849705,-0.007982669009030226,-0.007523401256829426,0.9997384206068362
2024-06-12 16:37:19.976187,83,2.01,-65.37,0.11300881958007812,0.005270584106445313,1.6326126708984374,0.02214651568979237,-0.013962638838737221,-0.0034330757479309588,0.9996513340004609
2024-06-12 16:37:20.141160,83,1.96,-68.74,0.11489964294433594,0.001994102358818054,1.5305528564453126,0.02221967710893261,-0.013322302652444688,-0.0005484452703186582,0.9996641981051045
2024-06-12 16:37:20.306230,83,1.9,-66.98,0.11402574157714844,-0.0040251131057739255,1.43038232421875,0.023199146547132676,-0.01419166543866225,0.0037738402714869654,0.999623004064634
2024-06-12 16:37:20.471178,83,1.79,-68.47,0.10870564270019531,-0.013774813652038575,1.3247882080078126,0.01920409251615882,-0.011581756932423812,0.0070962810215942805,0.9997233142143437
2024-06-12 16:37:20.636239,83,1.77,-65.78,0.10287985229492187,-0.023369348526000977,1.226551513671875,0.018416711179930812,-0.00944265556623994,0.00904694228416257,0.9997448744770063
2024-06-12 16:37:20.801203,83,1.7,-66.57,0.09494104766845703,-0.03453196716308594,1.1220330810546875,0.021279694351786064,-0.010915837886473987,0.009545543954870735,0.9996683941822277
2024-06-12 16:37:20.966201,83,1.67,-63.88,0.08593922424316407,-0.046249782562255856,1.0204400634765625,0.019755328598130367,-0.01231732875175488,0.010548430090193909,0.9996733206375085
2024-06-12 16:37:21.131833,83,1.63,-61.25,0.074572998046875,-0.058859447479248046,0.91527685546875,0.0182592697394043,-0.012346895483242774,0.014110766176752032,0.9996574679481786
2024-06-12 16:37:21.296379,83,1.61,-64.36,0.06052144622802735,-0.070775146484375,0.8271427612304687,0.013593160188509952,-0.00965536029834575,0.017167169768356427,0.9997136033738241
2024-06-12 16:37:21.461179,83,1.57,-63.8,0.04506756973266601,-0.08123344421386719,0.748814697265625,0.012667067897658386,-0.004411590666032809,0.018585580928128568,0.999737295274169
2024-06-12 16:37:21.626206,83,1.6,-61.46,0.030714603424072267,-0.08901187133789062,0.6898473510742188,0.012894653155820801,-0.0030601603550862973,0.01725679615764031,0.9997632521284973
2024-06-12 16:37:21.791323,83,1.57,-61.5,0.017818050384521486,-0.09465654754638672,0.64021435546875,0.010838793336812117,-0.0028871959965914933,0.0147725943570877,0.999827958745501
2024-06-12 16:37:21.956386,83,1.57,-62.63,0.00734315299987793,-0.0967670669555664,0.604633544921875,0.009653758500155322,-0.0014471438603655706,0.010434709833509928,0.9998979069331638
2024-06-12 16:37:22.121286,83,1.6,-61.8,-0.0013216280937194825,-0.0948173599243164,0.5761032104492188,0.01018043346414148,-0.0024936347474776416,0.006966361670869172,0.999920804642883
2024-06-12 16:37:22.451224,83,1.62,-61.79,-0.015848838806152343,-0.08268092346191407,0.5809559936523437,0.009966209354014799,-0.0002272341157786701,9.081601671694636e-05,0.9999503033925421
2024-06-12 16:37:22.616408,83,1.61,-61.93,-0.01998040771484375,-0.07285491943359375,0.6400081176757813,0.013701279083142844,0.002890029867544103,-0.0012258774137053423,0.999901207871923
2024-06-12 16:37:22.781137,83,1.61,-61.5,-0.0198511962890625,-0.06031897735595703,0.7462399291992188,0.015993972697279608,0.0003994139221175244,-0.002693009191292222,0.999868376831426
2024-06-12 16:37:22.946199,83,1.66,-63.69,-0.015241294860839845,-0.04712074661254883,0.875142822265625,0.014334732835810455,0.0002572082073525965,-0.003507433111520284,0.9998910665784279
2024-06-12 16:37:23.111427,83,1.7,-63.34,-0.006936126708984375,-0.0322740364074707,1.0235113525390624,0.014495603388145472,-0.005609154332094625,-0.00769975601672541,0.9998495540101696
2024-06-12 16:37:23.276214,83,1.74,-66.2,0.0023328049182891847,-0.01758300018310547,1.1657474365234375,0.018728247397576975,-0.006985877482999756,-0.008679936453144322,0.999762521798428
2024-06-12 16:37:23.441266,83,1.78,-67.92,0.011549650192260742,-0.0024668774604797365,1.3116988525390625,0.019252028307427334,-0.000531420083780119,-0.010422060229166643,0.9997602041147771
2024-06-12 16:37:23.606953,83,1.91,-66.6,0.02322061347961426,0.010799816131591797,1.431204833984375,0.019776114866518216,-0.0011034835273311624,-0.011904662074550631,0.9997329504348323
2024-06-12 16:37:23.771930,83,1.94,-69.12,0.03789018630981445,0.02250338554382324,1.5386683349609376,0.021792642369167704,-0.006741456752779687,-0.013229720383622716,0.9996522358347455
2024-06-12 16:37:23.936937,83,1.98,-67.55,0.052082740783691406,0.03127098274230957,1.619097412109375,0.021824104372052556,-0.007940168932783032,-0.013576749985634353,0.9996380970664437
2024-06-12 16:37:24.101307,83,2.02,-67.54,0.06668267059326172,0.03816858291625977,1.686988037109375,0.02296077905619254,-0.010788077853811265,-0.012245482210686186,0.9996031554886889
2024-06-12 16:37:24.266310,83,2.05,-68.44,0.07906520080566407,0.04223649597167969,1.736579833984375,0.023536126659833373,-0.010054346470272008,-0.00894884013976358,0.9996323729325816
2024-06-12 16:37:24.431423,83,2.02,-70.29,0.08993550872802734,0.04367018127441406,1.7778687744140624,0.021401483221359797,-0.011422972890670787,-0.001765645359934553,0.9997041458337165
2024-06-12 16:37:24.596435,83,2.08,-70.42,0.09878037261962891,0.045506118774414066,1.8002706298828124,0.021800771046411427,-0.011346004777907683,0.002896351061341468,0.9996937565966972
2024-06-12 16:37:24.761258,83,2.07,-69.72,0.1063341064453125,0.04385333633422851,1.759763916015625,0.02471421183249202,-0.007722843927778179,0.004125386081872317,0.9996562158209606
2024-06-12 16:37:24.926746,83,2.0,-66.8,0.11332670593261719,0.04059381866455078,1.681902099609375,0.02717940541945127,-0.009931657078030516,0.0069991700215231755,0.9995567263191557
2024-06-12 16:37:25.091485,83,2.0,-67.02,0.11798844909667969,0.032382484436035155,1.5828955078125,0.023431233842686878,-0.010683431711598619,0.009994849386968704,0.9996183978586956
2024-06-12 16:37:25.256419,83,1.92,-68.86,0.12131828308105469,0.021470178604125978,1.4838614501953125,0.025820373995513814,-0.016878070643262043,0.014491206927505872,0.9994190510410428
2024-06-12 16:37:25.421188,83,1.86,-66.34,0.11776122283935547,0.004302804470062256,1.3742672119140624,0.021656401820176856,-0.015218052357762827,0.016619000707894797,0.9995114951233643
2024-06-12 16:37:25.587125,83,1.8,-66.29,0.10959780120849609,-0.014188687324523925,1.269944580078125,0.019365879000126658,-0.015151039699310812,0.017759376752788623,0.9995399027597913
2024-06-12 16:37:25.916645,83,1.68,-66.04,0.07941265106201172,-0.053410972595214844,1.059908203125,0.012303573345183116,-0.011393586195366841,0.018424457991180386,0.9996896277020758
2024-06-12 16:37:26.081498,83,1.67,-62.24,0.06053839111328125,-0.07109165954589844,0.9538259887695313,0.008628458270447165,-0.008660767022470038,0.01885216169602495,0.9997475350095099
2024-06-12 16:37:26.246708,83,1.61,-62.19,0.041606094360351564,-0.08448213195800781,0.8628785400390625,0.009555200025633653,-0.007566834138313122,0.020421447206345398,0.9997171583125725
2024-06-12 16:37:26.411475,83,1.58,-62.93,0.021123111724853514,-0.09404847717285156,0.778167724609375,0.008420912018812727,-0.005841861941556858,0.021026133695313674,0.9997263921510147
2024-06-12 16:37:26.906777,83,1.6,-61.4,-0.02886616325378418,-0.10158817291259765,0.6184798583984376,0.010274893484706834,0.0012995566009344414,0.015325125807239692,0.9998289274871729
2024-06-12 16:37:27.071700,83,1.61,-61.44,-0.038619731903076174,-0.0979324722290039,0.588615234375,0.008576682942598795,0.0024423393094260663,0.01051941145294937,0.9999049111694792
2024-06-12 16:37:27.236227,83,1.61,-62.58,-0.04470327377319336,-0.09114469909667969,0.5710812377929687,0.00914790649956891,0.0019283236348965277,0.006373672387347286,0.999935982562395
2024-06-12 16:37:27.401181,83,1.63,-61.75,-0.046085792541503905,-0.07911456298828125,0.5777019653320312,0.012864015628569233,-0.0003527486592485712,0.003494353242934169,0.9999110882690889
2024-06-12 16:37:27.567342,83,1.6,-62.09,-0.04557732391357422,-0.06601858520507813,0.6109893798828125,0.013285682116196839,0.0022919727661146146,-0.0005359122346175804,0.9999089721138094
2024-06-12 16:37:27.731244,83,1.64,-61.74,-0.04047401809692383,-0.05013554382324219,0.6804788208007813,0.01597297426140912,-0.0007243797455639638,-0.0035461613333079467,0.9998658656520826
2024-06-12 16:37:27.896241,83,1.67,-62.84,-0.03202331161499023,-0.03458116149902344,0.7782810668945312,0.018459024021589047,-0.0008155167651107497,-0.006276393093152385,0.9998095822833922
2024-06-12 16:37:28.061208,83,1.7,-62.9,-0.019751243591308594,-0.018087478637695314,0.9151969604492187,0.017391065855410642,-0.0038830533394362786,-0.009562498663467256,0.999795497904964
2024-06-12 16:37:28.226321,83,1.73,-63.29,-0.0067739453315734865,-0.002985473155975342,1.0579041748046876,0.01667704101790031,-0.007013954630081629,-0.012961941184517196,0.9997523045738655
2024-06-12 16:37:28.391857,83,1.8,-65.07,0.007087931156158447,0.012217476844787597,1.21203173828125,0.02341781851033826,-0.007057970705507504,-0.015130087376588027,0.9995863476180794
2024-06-12 16:37:28.556205,83,1.81,-68.21,0.022775678634643554,0.022860010147094725,1.3496539306640625,0.021360679039506714,-0.004797826886825203,-0.006187974928908524,0.9997411705866333
2024-06-12 16:37:28.721222,83,1.92,-66.49,0.03619255065917969,0.03151115608215332,1.4752010498046875,0.017783006685095037,-0.00764409586477554,-0.009861797913882853,0.9997640122673904
2024-06-12 16:37:28.886986,83,1.97,-64.99,0.049974658966064456,0.03697646331787109,1.570543212890625,0.01831936419932578,-0.007750992810981563,-0.009149798397738081,0.9997602711860837
2024-06-12 16:37:29.051324,83,2.0,-67.74,0.06206973648071289,0.041660049438476565,1.6512623291015625,0.02277555117022615,-0.011923466415540103,-0.012017211518921704,0.9995972671759367
2024-06-12 16:37:29.381455,83,2.11,-68.89,0.08129087829589844,0.043929203033447266,1.7572130126953125,0.021093605753668646,-0.01028968934713095,-0.016699559112596976,0.9995850730407532
2024-06-12 16:37:29.546160,83,2.06,-70.02,0.08783306121826172,0.04202985763549805,1.7917685546875,0.025185061622620276,-0.010930940868943462,-0.01426425793062279,0.99952126756066
2024-06-12 16:37:29.711248,83,2.14,-70.88,0.09225102996826172,0.03876126480102539,1.8018096923828124,0.018133686230475614,-0.010746572150962985,-0.009393306930391134,0.9997336882390695
2024-06-12 16:37:29.876432,83,2.08,-69.65,0.09667831420898437,0.03406320953369141,1.753019775390625,0.02106067545525109,-0.005975372336462699,-0.009905427050513048,0.9997112781240307
2024-06-12 16:37:30.041320,83,2.06,-67.19,0.10233041381835938,0.027491641998291017,1.664880615234375,0.02323414016076332,-0.013810820257183727,-0.007692588717013922,0.9996050486856732
2024-06-12 16:37:30.371348,83,1.91,-65.59,0.10173661041259766,0.009254844665527343,1.46758447265625,0.017263188055534867,-0.009881546349777604,-0.0002803534101128675,0.9998021153519205
2024-06-12 16:37:30.537031,83,1.89,-66.15,0.0987795639038086,-0.0009977209568023681,1.3682327880859375,0.018430093939526795,-0.012886724553117167,0.005774379636295692,0.9997304240101379
2024-06-12 16:37:30.701333,83,1.79,-68.8,0.08995236206054688,-0.013346754074096679,1.2620867919921874,0.01412526721727911,-0.008812870961138272,0.006669706411312667,0.9998391439287357
2024-06-12 16:37:30.866310,83,1.74,-64.87,0.08066927337646485,-0.023644609451293944,1.1625574951171875,0.011680794965514725,-0.003807521669649134,0.005854608453088655,0.9999073849944106
2024-06-12 16:37:31.031518,83,1.75,-65.09,0.07283842468261718,-0.03161073684692383,1.0580665283203126,0.011588585083655846,-0.00622106542604307,0.003621397299558123,0.9999069379180688
2024-06-12 16:37:31.196333,83,1.69,-62.6,0.06622126770019532,-0.03820654296875,0.96036962890625,0.014882749206653398,-0.008672100070382561,-0.0018841024046852037,0.9998498595298916
2024-06-12 16:37:31.361233,83,1.66,-60.84,0.05737744522094727,-0.0417850456237793,0.863928955078125,0.014545913471464202,-0.009392006396375595,0.00061326707117321,0.999849911691786
2024-06-12 16:37:31.526329,83,1.62,-62.85,0.048664806365966796,-0.044488754272460934,0.7873802490234375,0.015228058219820772,-0.00865273815672313,0.0029258858021324018,0.9998423332851726
2024-06-12 16:37:31.691337,83,1.61,-61.89,0.038534072875976565,-0.047469547271728516,0.7203101806640625,0.013735604213257977,-0.005504006215866214,0.005970518521924944,0.9998726838246361
2024-06-12 16:37:31.856222,83,1.62,-61.15,0.02973768424987793,-0.04940622711181641,0.6709940795898437,0.015564453628212927,-0.004553505712179079,0.0072442465837461835,0.9998422513158588
2024-06-12 16:37:32.021241,83,1.6,-61.57,0.021412628173828125,-0.05038158416748047,0.628981689453125,0.014578490581364546,-0.0050236206491473066,0.010405248694807011,0.9998269676472807
2024-06-12 16:37:32.186400,83,1.61,-64.25,0.01539488410949707,-0.05054733657836914,0.5978419189453125,0.013870879418562316,-0.004126185524060976,0.011738193950824441,0.9998263789493764
2024-06-12 16:37:32.351300,83,1.57,-62.66,0.010438698768615723,-0.04960450744628906,0.5743026123046875,0.015230625241113583,-0.0047670256133069844,0.011510673424567953,0.9998063853704572
2024-06-12 16:37:32.846304,83,1.6,-61.73,-0.0027769317626953126,-0.044245220184326174,0.647728271484375,0.015419833023550574,-0.004595474293928465,0.004652702781034914,0.9998597180795932
2024-06-12 16:37:33.011414,83,1.61,-61.74,-0.005156523227691651,-0.04154037094116211,0.7368812866210938,0.018192777206433714,-0.005140866195705763,-0.0006140266338241881,0.9998210955564679
2024-06-12 16:37:33.176652,83,1.66,-62.92,-0.00726512622833252,-0.03897460556030274,0.853135498046875,0.01725089380918068,-0.00547626609234423,-0.005831732139787657,0.9998191878647209
2024-06-12 16:37:33.341224,83,1.66,-63.2,-0.007795060634613037,-0.035332015991210934,1.001610595703125,0.01659129114488842,-0.0024643329055814584,-0.0097509680680073,0.9998117731688712
2024-06-12 16:37:33.507421,83,1.74,-64.91,-0.0060014486312866214,-0.030637638092041015,1.14909716796875,0.016750135129478604,-0.003248072305892054,-0.011810419689454033,0.9997846773905776
2024-06-12 16:37:33.671315,83,1.81,-66.35,-0.0017621012926101684,-0.025481489181518553,1.3020462646484374,0.014399059983298018,-0.001672340848636038,-0.013119822242051628,0.9998088445351606
2024-06-12 16:37:33.838429,83,1.84,-67.87,0.005112791061401367,-0.01970943260192871,1.43021240234375,0.01920452151929436,-0.005538139215547033,-0.012223227354730224,0.9997255201941304
2024-06-12 16:37:34.001308,83,1.98,-65.78,0.012798617362976075,-0.01500045680999756,1.5410640869140626,0.017498350248759835,-0.005812287038280731,-0.014277351072326238,0.9997280540838246
2024-06-12 16:37:34.331402,83,2.0,-67.86,0.03128343391418457,-0.0075300135612487796,1.690774658203125,0.01866297776726428,-0.007228672551540195,-0.012245644648559352,0.9997247004049131
2024-06-12 16:37:34.496227,83,2.11,-68.35,0.04087264633178711,-0.005083117961883545,1.7464364013671876,0.018161626359225556,-0.0073616420966420085,-0.009230636670108046,0.9997653536875569
2024-06-12 16:37:34.661297,83,2.08,-72.45,0.049605918884277345,-0.0036902070045471192,1.7887132568359374,0.01834453291736675,-0.006904671213764812,-0.007627920993714084,0.9997787901469196
2024-06-12 16:37:34.826555,83,2.05,-69.44,0.05566194152832031,-0.0028060851097106935,1.812953369140625,0.01323200196755275,-0.0049200536913834025,-0.006654467661327379,0.9998782053925995
2024-06-12 16:37:34.991369,83,2.1,-69.03,0.06368318939208985,-0.001347799301147461,1.7805343017578126,0.015102167263526244,-0.006335271208654141,-0.008535611076382904,0.9998294491169152
2024-06-12 16:37:35.156623,83,2.07,-68.35,0.06902677917480468,-0.0010614383220672607,1.7054476318359375,0.02102374071702286,-0.01023142005691494,-0.006516237383220092,0.9997053829953497
2024-06-12 16:37:35.321328,83,1.97,-69.26,0.07405812072753906,-0.0017652069330215455,1.608322265625,0.020660781178439815,-0.01374298206349416,-0.0038330050959250535,0.9996847385918082
2024-06-12 16:37:35.486701,83,1.9,-67.28,0.07572942352294922,-0.005045403003692627,1.5127193603515625,0.01796762026629116,-0.013906355709696044,-0.0012497085323164576,0.9997410737040047
2024-06-12 16:37:35.651332,83,1.89,-67.65,0.0729620361328125,-0.010780129432678223,1.410278076171875,0.017040903928306515,-0.013348598139822329,-0.00031350063764468275,0.9997656368760286
2024-06-12 16:37:35.816782,83,1.8,-67.27,0.06835317230224609,-0.01653575325012207,1.312952880859375,0.01633068644999096,-0.009780978616965889,0.0015002522423413858,0.9998176751221933
2024-06-12 16:37:35.981372,83,1.78,-65.66,0.06258410263061523,-0.022667795181274413,1.20987255859375,0.016580110041889213,-0.010579343088071399,0.004632105514524577,0.9997958407017153
2024-06-12 16:37:36.311360,83,1.73,-62.55,0.04447796249389648,-0.03644156646728516,1.0049605712890626,0.013380441789972494,-0.0073560698125364945,0.007476249447397006,0.9998554706437941
2024-06-12 16:37:36.476724,83,1.68,-63.04,0.03463874435424805,-0.04237085342407226,0.909078857421875,0.015418061154929457,-0.006469986443134853,0.009115005206295565,0.9998186587776932
2024-06-12 16:37:36.641330,83,1.65,-61.6,0.024113777160644532,-0.04771145248413086,0.8188653564453126,0.015659465465254378,-0.005118466480257546,0.009615900677892694,0.9998180402671509
2024-06-12 16:37:36.807269,83,1.64,-62.23,0.013578836441040038,-0.052358924865722654,0.74828271484375,0.015222106114713618,-0.004627739949581366,0.01059605216705829,0.999817280169334
2024-06-12 16:37:36.971342,83,1.62,-62.25,0.004207866668701172,-0.05692454528808594,0.6861075439453125,0.015034584298124161,-0.0037590703874797525,0.014490876858443016,0.9997748926235015
2024-06-12 16:37:37.136428,83,1.62,-61.42,-0.00420545768737793,-0.06040373229980469,0.6396942138671875,0.012895887560728425,-0.002431398159804524,0.01486446466265346,0.999803397104601
2024-06-12 16:37:37.301324,83,1.59,-63.01,-0.01110101318359375,-0.06277930068969727,0.6026361083984375,0.011283802344253113,0.0003997023333566765,0.013293783465269795,0.999847884827601
2024-06-12 16:37:37.466602,83,1.6,-62.07,-0.014790812492370605,-0.06304249954223633,0.57734716796875,0.010433597957890258,0.0010529321106914277,0.009275362000547648,0.9999019902598735
2024-06-12 16:37:37.796356,83,1.61,-62.15,-0.015079812049865722,-0.05739609909057617,0.5816176147460937,0.015359436245819895,-0.004541975505622405,0.0026158554733278524,0.9998682948642473
2024-06-12 16:37:37.961419,83,1.61,-62.66,-0.013458231925964355,-0.05352622604370117,0.6261891479492188,0.014143096396280082,-0.005168074606027329,0.0018488452946488635,0.9998849191608807
2024-06-12 16:37:38.126460,83,1.65,-62.57,-0.010968670845031739,-0.0497243766784668,0.6921007690429688,0.012267022394839627,-0.006279873127820909,0.00016728112031789933,0.9999050229388099
2024-06-12 16:37:38.291517,83,1.62,-62.38,-0.007886502742767334,-0.04403806304931641,0.7910093383789063,0.015170392909620566,-0.00380406137529755,-0.003622416325644322,0.9998711190022592
2024-06-12 16:37:38.456510,83,1.64,-62.63,-0.0033207118511199953,-0.038743618011474606,0.91192822265625,0.015182193226296744,-0.00258667211195161,-0.004111774946027542,0.9998729371766001
2024-06-12 16:37:38.621628,83,1.73,-63.42,0.004451662540435791,-0.03321617126464844,1.060425048828125,0.013263405764438727,-0.0008045688278179551,-0.00477880879832568,0.9999002913595455
2024-06-12 16:37:38.786497,83,1.75,-64.9,0.013999924659729004,-0.027065187454223632,1.2042998046875,0.011130364451271087,-0.004545806417564786,-0.006423189542971729,0.9999070943948112
2024-06-12 16:37:38.951394,83,1.84,-69.64,0.025893266677856446,-0.01847665214538574,1.348252197265625,0.014499426575840208,-0.005603991465924646,-0.008954006797002492,0.9998390843144999
2024-06-12 16:37:39.116412,83,1.84,-68.5,0.03784502410888672,-0.009408664703369141,1.4656126708984376,0.01531344260249603,-0.0059016183777618894,-0.009405834981863212,0.9998210881045541
2024-06-12 16:37:39.281339,83,1.92,-68.94,0.049690277099609374,-0.00020093901455402375,1.5686290283203126,0.017423131112108366,-0.00850157744955236,-0.009244981140950506,0.9997693183188614
2024-06-12 16:37:39.446416,83,1.96,-68.58,0.06040695953369141,0.009422447204589844,1.6465810546875,0.017475230584693587,-0.004346551246733576,-0.007932216436914006,0.9998063853704572
2024-06-12 16:37:39.776369,83,2.1,-69.07,0.07967518615722656,0.0222763671875,1.758487548828125,0.019228398177236018,-0.006135190474157428,-0.006297653173763017,0.9997764575964893
2024-06-12 16:37:39.941363,83,2.13,-70.8,0.08740463256835937,0.025372991561889647,1.796176025390625,0.017969717422138133,-0.00776417471726533,-0.0018777615190794334,0.999806623835178
2024-06-12 16:37:40.106662,83,2.09,-69.66,0.09298167419433594,0.026665439605712892,1.807329345703125,0.01592145022285077,-0.008193951322860238,0.002165672046490981,0.9998373256929429
2024-06-12 16:37:40.271525,83,2.05,-69.92,0.09800101470947266,0.027490055084228516,1.7594945068359376,0.022288037966524458,-0.006803987220687375,-0.00019799921702748068,0.9997284118089111
2024-06-12 16:37:40.602018,83,1.99,-66.23,0.1032423095703125,0.024205114364624022,1.5838890380859374,0.02222189803410939,-0.014421182515075931,0.0008309637876829024,0.9996486955715185
2024-06-12 16:37:40.766491,83,1.87,-67.38,0.09950908660888672,0.01867066764831543,1.4858062744140625,0.018476248868539175,-0.011046827392797961,0.00237750007098318,0.9997654505678326
2024-06-12 16:37:40.932737,83,1.89,-65.55,0.0915975570678711,0.010415910720825195,1.38065625,0.01973586580323728,-0.011890216066362426,0.003262579349443025,0.9997292017846905
2024-06-12 16:37:41.096390,83,1.8,-66.88,0.08054058837890625,0.0016846009492874146,1.281656982421875,0.016911843608695108,-0.011117752467449959,0.0016701407224404947,0.9997937764673268
2024-06-12 16:37:41.261356,83,1.79,-67.15,0.06728619384765624,-0.008471431732177735,1.17505712890625,0.01520907347836691,-0.007818208995577381,0.0005746960048607332,0.999853600275992
2024-06-12 16:37:41.756461,83,1.66,-61.83,0.029021312713623047,-0.030097408294677733,0.8736435546875,0.016180016159942398,-0.005299199616497163,-0.0019467555128248268,0.9998531606272757
2024-06-12 16:37:41.921402,83,1.67,-61.75,0.017800388336181642,-0.0348211555480957,0.78796826171875,0.014809297909846315,-0.003175275776583598,-0.0020560274275458028,0.9998831829742927
2024-06-12 16:37:42.086603,83,1.62,-61.66,0.010287483215332032,-0.037782314300537106,0.7240367431640625,0.012241090164366414,-0.0014773805847760058,-0.004899881191508992,0.9999119749666247
2024-06-12 16:37:42.251381,83,1.61,-63.01,0.004491998672485352,-0.03786996841430664,0.66921875,0.013731868867624427,-0.001970516168584371,-0.006604786835303918,0.9998819609355731
2024-06-12 16:37:42.416562,83,1.62,-61.59,0.001373472809791565,-0.03609615325927734,0.6272945556640624,0.01607671516604258,-0.003595228201487332,-0.00800390730477445,0.9998322659128206
2024-06-12 16:37:42.581547,83,1.51,-61.52,0.00016005782783031465,-0.03306790542602539,0.5907789916992188,0.016676474425862377,-0.004137742817407883,-0.010260104022411924,0.9997997306913985
2024-06-12 16:37:42.746456,83,1.62,-62.68,0.0008107538223266601,-0.029647869110107423,0.5656983642578125,0.018569948798094846,-0.004147841075328439,-0.012012095452733665,0.9997467972154915
2024-06-12 16:37:42.911670,83,1.6,-62.87,0.0034699170589447023,-0.02690608024597168,0.5687412109375,0.02040558694651676,-0.007610489385809858,-0.009933748093616721,0.9997134617722285
2024-06-12 16:37:43.241965,83,1.65,-61.41,0.009833734512329101,-0.02531992530822754,0.6700896606445312,0.018434589042088813,-0.006944478940235742,-0.002044255159137223,0.9998038665833692
2024-06-12 16:37:43.406396,83,1.61,-62.01,0.013556290626525878,-0.025483484268188476,0.7592157592773437,0.016542389259446837,-0.007640458203752882,0.0010714977007858046,0.9998333985904185
2024-06-12 16:37:43.571451,83,1.63,-61.96,0.016768898010253906,-0.025901792526245117,0.8777481689453125,0.014596820180472007,-0.00859797691398839,0.0028726924134893726,0.9998523707494353
2024-06-12 16:37:43.736585,83,1.72,-62.27,0.01992603302001953,-0.024462356567382812,1.010221435546875,0.01271532084111747,-0.003588202020300687,0.003782277820465,0.9999055668827078
2024-06-12 16:37:43.901583,83,1.74,-66.47,0.024054000854492188,-0.022158449172973632,1.1629427490234374,0.012173811057631892,-0.003813618171452491,0.0032563833205448106,0.9999133161882938
2024-06-12 16:37:44.066630,83,1.77,-67.79,0.030491544723510743,-0.017643270492553712,1.3040767822265624,0.012198133688935601,-0.0018269480889203224,0.0039058559730459855,0.9999162966744508
2024-06-12 16:37:44.231468,83,1.88,-66.69,0.03817206573486328,-0.0117760009765625,1.4373885498046874,0.01169897287279963,-0.004419613309168852,0.00015694470896669666,0.999921788196931
2024-06-12 16:37:44.396618,83,1.9,-67.45,0.046188369750976566,-0.0062881336212158205,1.5410411376953126,0.015600898583627808,-0.00944626163333513,-0.00036609191083518313,0.999833607241415
2024-06-12 16:37:44.561427,83,2.0,-68.19,0.05317605972290039,-0.0005601732134819031,1.6271463623046876,0.01668055836351296,-0.004894775996489097,-0.0034357562954780794,0.9998429890394408
2024-06-12 16:37:44.726482,83,2.05,-68.22,0.06013589477539062,0.004678102970123291,1.69090283203125,0.01843755885020447,-0.006473728024399618,-0.005567867526881045,0.9997935529037799
2024-06-12 16:37:44.909989,83,2.05,-68.84,0.0679034423828125,0.00903416919708252,1.7456907958984376,0.01812678059746357,-0.007281990356826394,-0.0031297801703716287,0.9998042764456058
2024-06-12 16:37:45.056454,83,2.06,-70.03,0.07367475128173828,0.011231860160827637,1.78087841796875,0.018201746418316008,-0.006597229361041067,0.0008616859941152755,0.9998121979318267
2024-06-12 16:37:45.221457,83,2.13,-68.66,0.07956755065917968,0.012760417938232422,1.804817626953125,0.014568541540325787,-0.006676951656510865,0.003246770203615252,0.9998663052952124
2024-06-12 16:37:45.386630,83,2.06,-68.86,0.08623262023925782,0.01353956127166748,1.7721783447265624,0.017253429051340013,-0.005909326230130235,0.002261898946906432,0.9998311332339396
2024-06-12 16:37:45.551748,83,2.02,-68.86,0.09306127166748047,0.01317655086517334,1.69253759765625,0.016425967163627375,-0.009715259598326724,0.004700994857492659,0.9998068324917623
2024-06-12 16:37:45.716845,83,1.98,-66.79,0.09723884582519532,0.01167976188659668,1.600896240234375,0.0189950420372256,-0.016532236840038506,0.010337902165716482,0.9996294288665937
2024-06-12 16:37:45.881742,83,1.94,-66.95,0.097171142578125,0.008553568840026855,1.4972271728515625,0.01983679205056906,-0.014534635774094242,0.014366671598864489,0.9995943453673659
2024-06-12 16:37:46.046607,83,1.84,-67.31,0.09112693023681641,0.0036228976249694823,1.3988055419921874,0.017142476296996143,-0.008171247112532877,0.013586934021041544,0.9997273386332675
2024-06-12 16:37:46.211599,83,1.83,-67.24,0.08471338653564453,-0.0016211276054382325,1.291863525390625,0.016155347801253467,-0.008271243147068858,0.014098740990293188,0.9997358792908675
2024-06-12 16:37:46.376464,83,1.78,-66.64,0.07505660247802734,-0.006984397888183593,1.1914998779296875,0.014315536978573656,-0.004912505626780263,0.011520331557337098,0.9998190909896523
2024-06-12 16:37:46.707040,83,1.72,-64.8,0.056698173522949216,-0.017374656677246095,0.983307373046875,0.02067054101753235,-0.007168036786586518,0.008224639187867444,0.9997268094976303
2024-06-12 16:37:46.871529,83,1.67,-62.34,0.044818492889404295,-0.02283082389831543,0.8801653442382813,0.019159576472234215,-0.008785105767202102,0.011782144028848746,0.9997084162707067
2024-06-12 16:37:47.037938,83,1.66,-62.32,0.03215760040283203,-0.03046837043762207,0.788243896484375,0.016425470397615164,-0.005955185946254683,0.015089968553471783,0.9997334795672193
2024-06-12 16:37:47.201494,83,1.63,-62.14,0.020561656951904296,-0.037776771545410155,0.7127872314453125,0.013566441618138126,-0.0055651216499008616,0.017590702965736282,0.9997377424263738
2024-06-12 16:37:47.366573,83,1.59,-62.06,0.008150345802307129,-0.044469322204589844,0.6462036743164062,0.014180576747588935,-0.00392028923512063,0.017251992749164353,0.9997429219248377
2024-06-12 16:37:47.531640,83,1.6,-62.02,-0.004426545143127442,-0.04993074417114258,0.5870477905273438,0.012501316053315661,-0.001647574159976896,0.014706463756686512,0.9998123469714175
2024-06-12 16:37:47.697222,83,1.62,-62.86,-0.01482053279876709,-0.052608501434326174,0.5451980590820312,0.011371269919898818,0.0015318172417625353,0.011962965967120905,0.9998626018546676
2024-06-12 16:37:47.861523,83,1.63,-61.67,-0.022586612701416015,-0.05255712890625,0.518666259765625,0.012176465216474378,0.003819368407957283,0.00964206723942341,0.9998720802505808
2024-06-12 16:37:48.191605,83,1.66,-61.37,-0.025171918869018553,-0.04184577560424805,0.5230609130859375,0.01568283066253951,0.000625777545018253,0.009915342920620924,0.9998276532190867
2024-06-12 16:37:48.356572,83,1.64,-62.27,-0.02190799331665039,-0.03408065795898438,0.5487481689453125,0.015530429434469709,-0.0014170710072362916,0.010066796892130116,0.9998277053821396
2024-06-12 16:37:48.521604,83,1.62,-61.75,-0.016695301055908204,-0.024790777206420898,0.5934774169921875,0.017560510274001285,-0.0021065832953476352,0.0066351068090168865,0.999821572478836
2024-06-12 16:37:48.686882,83,1.63,-62.53,-0.00980886173248291,-0.01565493392944336,0.6551264038085938,0.018916645047181123,-0.002500301107476924,0.002856332839832351,0.9998138522700389
2024-06-12 16:37:48.851580,83,1.66,-61.5,-0.0013397706747055053,-0.006329172611236572,0.745177490234375,0.022631252341360316,-0.005991957858862082,-0.0008637254928861699,0.9997255500046347
2024-06-12 16:37:49.017063,83,1.69,-63.98,0.007765537738800049,0.0003184293508529663,0.8516707763671875,0.021622937958976806,-0.005729405978482189,-0.005828246412904779,0.9997327939308333
2024-06-12 16:37:49.181561,83,1.69,-63.16,0.018282535552978516,0.005234298706054688,0.991784423828125,0.019461013505557852,-0.005989972923930547,-0.009101793297124633,0.999751238876304
2024-06-12 16:37:49.346612,83,1.73,-64.81,0.030061887741088866,0.007533876895904541,1.14265283203125,0.02150006050645826,-0.009113278279718475,-0.011379084567892384,0.9996625509723258
2024-06-12 16:37:49.511731,83,1.83,-66.17,0.04209098434448242,0.00938776969909668,1.3055980224609376,0.019655095891458783,-0.011135440801269166,-0.014336948927603538,0.9996419951232167
2024-06-12 16:37:49.676802,83,1.88,-67.35,0.05248276901245117,0.010297181129455567,1.444468017578125,0.019401069058390813,-0.00961006746187294,-0.013986441422916603,0.999667753219544
2024-06-12 16:37:49.841606,83,1.93,-67.21,0.062011665344238284,0.01085172176361084,1.5665908203125,0.015477876757875547,-0.00539618778609657,-0.012915129201508096,0.9997822330708371
2024-06-12 16:37:50.173160,83,2.02,-68.44,0.07936713409423828,0.011615050315856934,1.7364420166015626,0.016027314490684886,-0.008266889073630412,-0.009923053716512998,0.9997881426507
2024-06-12 16:37:50.336590,83,2.01,-70.6,0.08583992767333984,0.011699719429016113,1.7898927001953124,0.018081913011107942,-0.008801420943403233,-0.008520157764288142,0.9997614635641157
2024-06-12 16:37:50.501449,83,2.09,-68.63,0.09024076080322266,0.010324132919311524,1.830687744140625,0.015296747302885706,-0.008263184770554185,-0.00800090190531603,0.9998168405046467
2024-06-12 16:37:50.666439,83,2.1,-69.67,0.09273963928222656,0.008133755683898927,1.822120361328125,0.014752752430210072,-0.006646590633956518,-0.01016204519446804,0.9998174441120492
2024-06-12 16:37:50.831732,83,2.12,-69.73,0.09437010192871094,0.006564204692840576,1.7598123779296875,0.016921313599665467,-0.008351324284010038,-0.00967249192733782,0.999775160904759
2024-06-12 16:37:50.996598,83,2.0,-67.73,0.09522412872314454,0.004422109127044677,1.6779864501953126,0.017842851466200998,-0.012636419780883722,-0.005198354845802811,0.9997474306750354
2024-06-12 16:37:51.161480,83,1.99,-68.41,0.09184215545654296,0.0004464056491851807,1.584222900390625,0.01885311738983707,-0.00968928798763748,-0.0005577363448140533,0.9997751534525029
2024-06-12 16:37:51.326686,83,1.95,-67.14,0.08574217987060546,-0.0053183741569519044,1.4918944091796875,0.019561437467515125,-0.007105164639768168,0.0029313586459986654,0.9997791105927196
2024-06-12 16:37:51.491774,83,1.85,-68.93,0.07874644470214844,-0.012097080230712891,1.3921363525390624,0.017098346946496618,-0.0063959121488540915,0.009228477001314184,0.9997907732595045
2024-06-12 16:37:51.656511,83,1.77,-66.59,0.06762909698486329,-0.020289117813110352,1.2973184814453125,0.015601908624632616,-0.006750606095655898,0.01076314369357082,0.9997975621357983
2024-06-12 16:37:51.821507,83,1.78,-64.94,0.05664743423461914,-0.029304433822631835,1.194271484375,0.01467056575703068,-0.00872241943765969,0.01583724017132973,0.9997288962280951
2024-06-12 16:37:51.986534,83,1.75,-66.26,0.04434745788574219,-0.0371114387512207,1.0974052734375,0.012083046177369088,-0.005824831673684636,0.017019224463384063,0.9997651822839693
2024-06-12 16:37:52.151477,83,1.72,-63.28,0.031038713455200196,-0.04474885940551758,0.9941141967773437,0.010010611622214904,-0.002336386371939316,0.016489040767841686,0.9998111993659955
2024-06-12 16:37:52.317015,83,1.68,-62.34,0.020555326461791992,-0.04972122573852539,0.9012628784179687,0.01193069729946812,-0.006408385537876778,0.01612571115233358,0.9997782535862801
2024-06-12 16:37:52.481925,83,1.63,-62.52,0.00925664234161377,-0.05330038070678711,0.8110499267578125,0.011880149074461215,-0.005240835875084721,0.014015448225835373,0.999817466467872
2024-06-12 16:37:52.646535,83,1.64,-62.83,-0.0016841503381729126,-0.055185127258300784,0.738220703125,0.010710463177940478,-0.0030317585181013477,0.01004073253121557,0.9998876314806757
2024-06-12 16:37:52.811578,83,1.63,-61.45,-0.012398622512817382,-0.054497764587402346,0.67741064453125,0.011053616544514009,0.0002536909948927019,0.005238581942497648,0.9999251486659622
2024-06-12 16:37:52.976564,83,1.63,-60.97,-0.019739957809448243,-0.05074079132080078,0.6367528686523437,0.014361851275645831,0.0009567841970973912,0.003478574145613453,0.9998903512445109
2024-06-12 16:37:53.141595,83,1.63,-61.93,-0.023739530563354493,-0.0455878791809082,0.60400634765625,0.014210536393887295,0.0020900268915697664,0.0001483795206181198,0.9998968264880876
2024-06-12 16:37:53.308230,83,1.61,-62.22,-0.02398332405090332,-0.03911637878417969,0.5810042114257813,0.016309482328346583,0.001979855183629825,-0.0014962915708339065,0.9998639058845931
2024-06-12 16:37:53.636683,83,1.65,-62.72,-0.01622422981262207,-0.025594091415405272,0.5878178100585938,0.017138057880656928,-0.002480309154130808,-0.002685491930180351,0.9998464540974671
2024-06-12 16:37:53.801689,83,1.62,-62.31,-0.009368122100830078,-0.01931976509094238,0.6242268676757813,0.019377495119616,-0.005756075016614331,-0.0022469439505657545,0.9997931430371473
2024-06-12 16:37:53.966592,83,1.64,-61.37,-0.0018829882144927978,-0.014011326789855958,0.6782384033203125,0.0180974996164311,-0.005607223724130083,-0.00240340054634334,0.9998176080547376
2024-06-12 16:37:54.131598,83,1.62,-63.06,0.006660202503204346,-0.008535717010498047,0.7563074951171875,0.01719846414242989,-0.006280000643224986,-0.00029744520231361743,0.9998323329792931
2024-06-12 16:37:54.463984,83,1.71,-62.97,0.024820695877075194,0.0006928560137748718,0.9610753784179688,0.018168552943879913,-0.00694864570835812,0.0009146388082141175,0.9998103796470303
2024-06-12 16:37:54.796075,83,1.79,-67.01,0.04221525573730469,0.008254377365112305,1.2164498291015624,0.018789097199897707,-0.009820987200404368,-0.00043437276450138205,0.9997751385479904
2024-06-12 16:37:54.956555,83,1.82,-66.72,0.04923429870605469,0.01143327522277832,1.3744969482421876,0.017235783001052246,-0.005110502121738629,-0.0037368329508982536,0.9998314089519432
2024-06-12 16:37:55.121569,83,1.9,-67.0,0.05646160888671875,0.013354485511779784,1.50163134765625,0.01585657583309557,-0.006659023553519215,-0.0056045652375507704,0.9998363867666077
2024-06-12 16:37:55.287421,83,1.96,-68.71,0.06451481628417968,0.014610054016113282,1.614198486328125,0.016156383493137118,-0.007323360017106425,-0.009980381882479697,0.999792844952218
2024-06-12 16:37:55.451636,83,2.06,-66.66,0.07236060333251954,0.015480748176574707,1.7030340576171874,0.016773958164617863,-0.008236428857390272,-0.011582669440988493,0.999758288854458
2024-06-12 16:37:55.616485,83,2.03,-69.38,0.07915502166748047,0.015512215614318847,1.768681884765625,0.01803259531371848,-0.01137728932321332,-0.010682683691208816,0.9997155932467565
2024-06-12 16:37:55.781571,83,2.1,-68.34,0.08403920745849609,0.014332494735717773,1.821055419921875,0.016881383028182758,-0.00977701489696137,-0.010342171181474721,0.99975620963774
2024-06-12 16:37:56.111592,83,2.09,-68.76,0.08887411499023437,0.011326912879943848,1.8111224365234375,0.016245771560859476,-0.003367388774627651,-0.01348118298984663,0.9997714720311567
2024-06-12 16:37:56.277103,83,2.11,-70.44,0.09116194915771485,0.010038581848144532,1.7416541748046874,0.020214410063672156,-0.011416519698294074,-0.010014446850373223,0.9996803264473825
2024-06-12 16:37:56.441574,83,2.04,-67.13,0.09169927215576172,0.007916223049163819,1.650599609375,0.014612957374407798,-0.009266347845522953,-0.005035997701408044,0.9998376088610297
2024-06-12 16:37:56.606652,83,1.94,-67.52,0.08889969635009766,0.00448821210861206,1.5590953369140625,0.015360688554578244,-0.010571930327441918,-0.0010769911890270046,0.999825551790976
2024-06-12 16:37:56.771595,83,1.94,-66.51,0.08367189025878906,0.0011635329723358155,1.4565029296875,0.024721945042224597,-0.014840112481971845,0.0026656405420276276,0.999580660456404
2024-06-12 16:37:57.102088,83,1.8,-68.41,0.06213955307006836,-0.006236811161041259,1.255691650390625,0.018347159651414847,-0.010099503371103682,0.004318012787102006,0.9997713378900419
2024-06-12 16:37:57.266710,83,1.79,-65.1,0.04628237533569336,-0.011575777053833008,1.154764404296875,0.018753563449170712,-0.011212386599194723,0.004469151194034542,0.9997512761384756
2024-06-12 16:37:57.432023,83,1.75,-64.87,0.02890451240539551,-0.018023488998413086,1.0452724609375,0.015947575758221914,-0.00617548786360083,0.006500579675604684,0.9998326236006218
2024-06-12 16:37:57.596742,83,1.77,-62.74,0.009650019645690918,-0.02584942626953125,0.9428984985351563,0.012818536938286615,-0.001195266705579652,0.0047317849777283524,0.9999059319955691
2024-06-12 16:37:57.761528,83,1.69,-62.15,-0.008593511581420899,-0.031326459884643554,0.845019775390625,0.015577288397374633,-0.0008358993818565724,0.005830903079686602,0.9998613201778835
2024-06-12 16:37:57.926623,83,1.59,-85.8,-0.023520862579345703,-0.03635713577270508,0.765093505859375,0.014896832749940062,0.00029065105329060295,0.004721324191365093,0.9998778477211044
2024-06-12 16:37:58.091855,83,1.64,-61.95,-0.036728813171386716,-0.04042721557617188,0.6948267211914062,0.013164307632590121,0.0005518000100059796,0.004708647888108822,0.9999021094808408
2024-06-12 16:37:58.256849,83,1.68,-61.54,-0.046460227966308595,-0.043193092346191404,0.6421641235351563,0.012448566696034235,0.003125257989683417,0.004238837707806057,0.999908636807104
2024-06-12 16:37:58.421757,83,1.64,-61.49,-0.052567222595214846,-0.0440101318359375,0.6005677490234375,0.010039960620718937,0.0044901572993571795,0.0015877954594210248,0.999938255132379
2024-06-12 16:37:58.586573,83,1.67,-62.14,-0.05402688598632813,-0.04250835418701172,0.5759580078125,0.01009720150341411,0.00625870820397031,-0.0027182934406643606,0.9999257447568505
2024-06-12 16:37:58.916722,83,1.67,-61.84,-0.04229465484619141,-0.03482107162475586,0.5796702880859375,0.019633920233166388,0.002093235704315176,-0.007595168642826448,0.9997761893155795
2024-06-12 16:37:59.081637,83,1.64,-62.14,-0.031512275695800784,-0.02982204246520996,0.6180372924804688,0.01626933456213623,0.0006999121089339038,-0.003375185382725366,0.9998617002101245
2024-06-12 16:37:59.246686,83,1.65,-62.1,-0.017951683044433595,-0.025182342529296874,0.6754754028320312,0.016492997268923507,-0.0015836788690162112,2.586347692642014e-06,0.9998627285319349
2024-06-12 16:37:59.411597,83,1.65,-62.92,-0.002389129638671875,-0.02067998504638672,0.7551515502929688,0.017688481229885075,-0.006061680997555064,0.0020918687641638296,0.999822980888876
2024-06-12 16:37:59.576551,83,1.64,-61.72,0.013367342948913574,-0.01642877769470215,0.8450348510742187,0.02345348935933844,-0.00823178400201471,0.002251419264737574,0.9996885023144834
2024-06-12 16:37:59.741627,83,1.66,-63.17,0.02951613998413086,-0.012990216255187988,0.9617091674804688,0.01999437903410271,-0.007804270798301525,0.003305647929490807,0.9997641687665026
2024-06-12 16:37:59.906797,83,1.7,-64.81,0.043408775329589845,-0.01195396614074707,1.0866141357421875,0.013765352255471793,-0.00629547944258172,0.0019171027636900736,0.9998836002554646
2024-06-12 16:38:00.071656,83,1.74,-67.31,0.059134178161621094,-0.009635940551757812,1.2367950439453126,0.018959710226660993,-0.0074465527989326635,0.0026224440986798232,0.9997890816223425
2024-06-12 16:38:00.239110,83,1.8,-67.43,0.07508061218261719,-0.00898832607269287,1.3839884033203125,0.01594151375334429,-0.008823616398768335,-0.0017551196068067707,0.9998324447567372
2024-06-12 16:38:00.566759,83,1.91,-66.32,0.10116185760498046,-0.007574793338775635,1.605510986328125,0.015654038708105163,-0.009516716000667929,-0.009285464062759652,0.999789059265885
2024-06-12 16:38:00.731661,83,2.0,-66.67,0.11157736206054687,-0.008247701644897461,1.6904920654296876,0.01772705829786832,-0.013137409877358182,-0.010566779249989834,0.99970070264087
2024-06-12 16:38:00.898966,83,2.0,-67.74,0.11980256652832032,-0.008847127914428711,1.751248046875,0.018140313307160778,-0.014300092892689298,-0.011034042657286868,0.9996722921208621
2024-06-12 16:38:01.391795,83,2.11,-67.6,0.12899362182617188,-0.012801966667175292,1.8112900390625,0.015879127531369754,-0.00570279349113557,-0.011375692788369493,0.9997929418298298
2024-06-12 16:38:01.556657,83,2.01,-66.12,0.1302595977783203,-0.013360626220703125,1.7447333984375,0.014604101376081861,-0.010335047232316796,-0.009747194541857324,0.9997924276331678
2024-06-12 16:38:01.722260,83,2.0,-65.48,0.12924800109863283,-0.013334919929504394,1.6533642578125,0.018520822049995205,-0.01759023079254077,-0.004414751033520481,0.9996639819656639
2024-06-12 16:38:01.887297,83,1.94,-65.97,0.12477630615234375,-0.014686498641967773,1.561251708984375,0.018080984954828988,-0.013867013584499197,-3.142746926271487e-05,0.999740358262765
2024-06-12 16:38:02.051596,83,1.95,-65.45,0.1174212875366211,-0.01745496940612793,1.461236083984375,0.01561016212755876,-0.012455394239573155,0.007255005545667748,0.9997742442768317
2024-06-12 16:38:02.216733,83,1.83,-68.18,0.10591973114013672,-0.018860897064208983,1.3652012939453124,0.011649101096916506,-0.006018450627211168,0.005117386404590566,0.9999009396244849
2024-06-12 16:38:02.381640,83,1.79,-67.74,0.09391524505615234,-0.02041129684448242,1.26388671875,0.017648865517582057,-0.010362797812582963,0.0074555054694982826,0.999762745368914
2024-06-12 16:38:02.546685,83,1.75,-64.91,0.08080229187011718,-0.02273683738708496,1.165026123046875,0.017231663025087836,-0.012298103471796955,0.011778241700773566,0.9997065083639394
2024-06-12 16:38:02.711564,83,1.72,-64.99,0.06455130004882813,-0.025855512619018556,1.0579986572265625,0.01738198576499312,-0.009586147554860239,0.01710422868021323,0.9996566555562932
2024-06-12 16:38:02.876795,83,1.72,-62.84,0.0461163330078125,-0.030802804946899413,0.9568963623046876,0.017839252126054132,-0.006973244788212066,0.020290328046536417,0.9996106388133245
2024-06-12 16:38:03.041697,83,1.69,-62.78,0.02638075828552246,-0.03597538375854492,0.8522189331054687,0.017012329500803575,-0.003343856856707017,0.022099967316368693,0.9996054213618226
2024-06-12 16:38:03.206872,83,1.63,-63.17,0.00799134874343872,-0.041199779510498045,0.7569669799804688,0.014974204113555337,0.0004293449474318009,0.02261480759789764,0.9996320077198035
2024-06-12 16:38:03.371628,83,1.61,-63.45,-0.008380806922912598,-0.045869518280029296,0.6611586303710938,0.01390257269530267,0.0033292685382755502,0.021588203032965343,0.9996647347269622
2024-06-12 16:38:03.536719,83,1.64,-62.4,-0.020482975006103514,-0.04802565383911133,0.5755673217773437,0.012564004809579168,0.001297987565720498,0.021830887250588887,0.9996818915684108
2024-06-12 16:38:03.702778,83,1.64,-61.89,-0.03039217185974121,-0.04839908218383789,0.48836212158203124,0.008036545228236618,0.0022100803053870235,0.01894641988593874,0.9997857579568508
2024-06-12 16:38:04.033023,83,1.67,-63.03,-0.043300369262695315,-0.03758482360839844,0.34370663452148437,0.009142310045148061,0.004992350335608329,0.010352201542595245,0.9998921544811121
2024-06-12 16:38:04.196712,83,1.69,-63.34,-0.04425138854980469,-0.02701974678039551,0.29648699951171875,0.015529941794118676,0.005398305699515103,0.0037561997049101333,0.9998577806549754
2024-06-12 16:38:04.361609,83,1.72,-63.75,-0.03955762481689453,-0.01523734188079834,0.26803921508789064,0.01788664145691565,0.005923820261705308,-0.00466868408938445,0.9998115645133181
2024-06-12 16:38:04.526970,83,1.72,-63.28,-0.02888229751586914,-0.00587836217880249,0.27333248901367185,0.02117111161383784,0.0029976107321106073,-0.013509225326098821,0.9996801028584641
2024-06-12 16:38:04.692281,83,1.71,-63.13,-0.012149630546569824,0.001525782823562622,0.31712811279296876,0.018645622551591946,-0.004007169477671638,-0.019242508353450188,0.9996329393847897
2024-06-12 16:38:04.856770,83,1.67,-60.89,0.004383371829986572,0.007094637870788574,0.3908374328613281,0.015005427868295782,-0.010457946713676688,-0.018278612457583398,0.999665621643012
2024-06-12 16:38:05.025127,83,1.66,-61.28,0.019235645294189453,0.012758658409118653,0.4965810546875,0.016633326763471342,-0.009169675601480614,-0.013147374947888613,0.9997331665593623
2024-06-12 16:38:05.186745,83,1.66,-61.29,0.03054566764831543,0.017290618896484374,0.6169842529296875,0.01935730468132956,-0.010449451711826346,-0.009096483409337282,0.9997166366242394
2024-06-12 16:38:05.351697,83,1.67,-61.62,0.04080582427978516,0.02033008575439453,0.7619417114257813,0.02054715563629401,-0.0114884629275325,-0.005666285083985854,0.9997068139273775
2024-06-12 16:38:05.517034,83,1.66,-63.16,0.047416011810302736,0.022007478713989257,0.907758056640625,0.02181439073404592,-0.009376181041504377,-0.004951411433736716,0.9997058152562823
2024-06-12 16:38:05.682282,83,1.73,-63.67,0.05406356430053711,0.022592329025268556,1.0677694091796874,0.018192929022708484,-0.0063184784537958375,-0.006692945411060412,0.9997921220958955
2024-06-12 16:38:05.846709,83,1.75,-66.4,0.060003364562988284,0.021721275329589843,1.2189248046875,0.016580510922669146,-0.006396529680283188,-0.0057996727586577725,0.999825253715709
2024-06-12 16:38:06.011875,83,1.83,-66.23,0.06774587249755859,0.019937461853027343,1.3672564697265626,0.018338095091169317,-0.011137516132686908,-0.00010422450914251878,0.9997698027182249
2024-06-12 16:38:06.176673,83,1.9,-64.86,0.07346967315673827,0.016662500381469728,1.4847030029296875,0.01614848426084803,-0.00917268125805068,0.002103833120852951,0.9998253133307695
2024-06-12 16:38:06.341713,83,1.93,-67.96,0.07964047241210938,0.012951717376708985,1.5847744140625,0.013356527276846232,-0.011535265951750046,0.004155809535459456,0.9998356192309327
2024-06-12 16:38:06.506683,83,2.02,-66.83,0.08254307556152343,0.0095966215133667,1.6572257080078125,0.018198961576467054,-0.0169030709104682,0.0035434807059822942,0.9996852155792284
2024-06-12 16:38:06.671763,83,2.06,-70.36,0.08217459869384766,0.005285234928131104,1.714711669921875,0.017513385832567643,-0.005420156076586786,0.0031535084330218005,0.9998269676472807
2024-06-12 16:38:06.836724,83,2.0,-69.14,0.08203424835205078,0.0002824195623397827,1.7577139892578124,0.01678635408500072,-0.01271528771720761,0.0038495744597515326,0.9997708385868456
2024-06-12 16:38:07.004064,83,2.06,-66.95,0.07863011932373047,-0.005932754039764405,1.7905609130859375,0.014956901492960705,-0.008142994741757576,0.0011317190324322123,0.9998543454428663
2024-06-12 16:38:07.166868,83,2.07,-69.17,0.07445673370361328,-0.011033390998840332,1.78310009765625,0.010710038967514011,0.002660150283679924,-0.004531177640229967,0.9999288444237414
2024-06-12 16:38:07.496872,83,1.99,-66.97,0.0734989013671875,-0.016713813781738283,1.6279248046875,0.017321919093382585,-0.011055938339555392,-0.00497881451503795,0.9997764426919961
2024-06-12 16:38:07.826752,83,1.91,-67.73,0.06739833831787109,-0.02225056838989258,1.4322061767578125,0.014909029417714017,-0.0076945377692843,0.0071140502225851025,0.9998339351214645
2024-06-12 16:38:08.157488,83,1.77,-66.42,0.052789535522460934,-0.03012227439880371,1.2248021240234375,0.016612996790064533,-0.011738165216554167,0.01666466487575995,0.9996541960172025
2024-06-12 16:38:08.321897,83,1.77,-65.22,0.04032472229003906,-0.03571118927001953,1.114877685546875,0.017028469954023816,-0.008980291877040103,0.019332752027219773,0.999627744409749
2024-06-12 16:38:08.486858,83,1.72,-63.93,0.0267464599609375,-0.04047647857666015,1.0078394165039062,0.01658438301735595,-0.007975817857686252,0.01915656798362492,0.999647130398516
2024-06-12 16:38:08.651970,83,1.7,-62.09,0.010506770133972169,-0.0455419921875,0.8946339111328125,0.014163580151600885,-0.001643782607209954,0.017841135974429354,0.9997391584070364
2024-06-12 16:38:08.817083,83,1.67,-63.14,-0.004707137107849121,-0.048683990478515626,0.7913875122070313,0.010775937114602367,0.0011270678029308737,0.0164870306228187,0.9998053793467896
2024-06-12 16:38:08.982118,83,1.63,-61.95,-0.016687963485717775,-0.04814116287231445,0.6863120727539063,0.014026665643895927,0.0005890255121703336,0.016491411522365763,0.9997654505678326
2024-06-12 16:38:09.146775,83,1.61,-62.61,-0.025512840270996092,-0.045742023468017576,0.5898236083984375,0.014684450478381192,0.002001838858058498,0.016684311820762462,0.9997509631361905
2024-06-12 16:38:09.311719,83,1.64,-62.16,-0.03120615577697754,-0.041548469543457034,0.4907856140136719,0.013646529568151275,0.0010442821212632526,0.014986091112315877,0.9997940298392862
2024-06-12 16:38:09.476822,83,1.66,-62.31,-0.033623485565185546,-0.03599191665649414,0.40286569213867185,0.014489799252732761,0.00025228817749192197,0.010839587638578004,0.9998362302787994
2024-06-12 16:38:09.641852,83,1.67,-63.3,-0.03268121337890625,-0.029103805541992187,0.3183300476074219,0.013790018887120548,0.004507319446481345,0.007351179191948288,0.9998677285453745
2024-06-12 16:38:09.806871,83,1.68,-63.57,-0.027790719985961915,-0.02094411849975586,0.2524466094970703,0.011918339288472041,0.0026279623265455763,0.0031816021954953005,0.9999204618889723
2024-06-12 16:38:09.971722,83,1.76,-62.0,-0.016824922561645507,-0.011310885429382325,0.20643258666992187,0.017319500137080727,0.0032259484119002277,-0.0024230773913816537,0.9998418712762255
2024-06-12 16:38:10.137218,83,1.72,-64.81,-0.0025683355331420897,-0.0024746146202087402,0.2013023681640625,0.015176939366626258,-0.009089819385601229,-0.008550435245878838,0.9998069442720573
2024-06-12 16:38:10.301657,83,1.71,-60.48,0.010885752677917481,0.007341939449310303,0.23748857116699218,0.016614912784972163,-0.005495367490015897,-0.012079314896268732,0.99977389402041
2024-06-12 16:38:10.467730,83,1.67,-64.25,0.02475741958618164,0.01679013442993164,0.30581350708007815,0.018679404938479256,-0.002075316694488334,-0.011014161911648541,0.9997627081071697
2024-06-12 16:38:10.631696,83,1.66,-62.83,0.04053208160400391,0.02525362777709961,0.3974955749511719,0.01791096320106282,-0.007025379875195246,-0.008845611657888457,0.999775771989577
2024-06-12 16:38:10.961873,83,1.61,-62.97,0.07186215209960937,0.03824081802368164,0.6467554931640624,0.022857567657717147,-0.014088553129945117,-0.004687516674416178,0.9996284748382869
2024-06-12 16:38:11.126787,83,1.61,-63.41,0.08279395294189452,0.03917147827148437,0.7809865112304688,0.021611457250234233,-0.013436851470125712,-0.0016186746901780671,0.9996748335984783
2024-06-12 16:38:11.292236,83,1.64,-61.88,0.09130517578125,0.036708786010742185,0.9311019897460937,0.019796209736463354,-0.011960663879920497,0.0006280519301665466,0.9997322946083865
2024-06-12 16:38:11.456792,83,1.7,-65.12,0.09703409576416015,0.03167623519897461,1.077359375,0.017724949893679467,-0.013691347950715298,0.004740900965948962,0.9997379138346659
2024-06-12 16:38:11.621720,83,1.74,-66.66,0.10070639038085938,0.024065380096435548,1.2345662841796874,0.017842889503815896,-0.013808042256775446,0.005345944984104854,0.9997311543636554
2024-06-12 16:38:11.786723,83,1.84,-65.39,0.10024703979492187,0.015950116157531738,1.374864013671875,0.01587321370708766,-0.010528129174502313,0.0022552507976738422,0.9998160356942096
2024-06-12 16:38:11.952029,83,1.87,-66.65,0.10034852600097656,0.005083662509918213,1.5039122314453126,0.014889651782380874,-0.00863569811170745,-0.0026879637928776145,0.999848235058103
2024-06-12 16:38:12.117260,83,1.9,-67.76,0.09957003021240235,-0.0036178419589996337,1.602582275390625,0.012158888232258904,-0.008952716008989647,-0.003554491522776741,0.9998796807861643
2024-06-12 16:38:12.281809,83,2.0,-68.52,0.09866946411132813,-0.012029850959777832,1.6854298095703124,0.012908060879492044,-0.008552703591242706,-0.00504827472603651,0.9998673634185627
2024-06-12 16:38:12.446955,83,2.0,-69.49,0.0969498291015625,-0.018821748733520507,1.746384033203125,0.014625535607650477,-0.011037275341584272,-0.005007278190290991,0.9998195828168267
2024-06-12 16:38:12.611728,83,2.07,-68.05,0.09327293395996093,-0.02570175552368164,1.79444921875,0.014168754262099263,-0.010894998574678296,-0.0062151066018907054,0.9998209465181812
2024-06-12 16:38:12.941765,83,2.13,-69.59,0.08383631896972656,-0.035590579986572266,1.7989954833984374,0.008552597604481712,-0.00099266491619352,-0.009107638205472508,0.9999214603456892
2024-06-12 16:38:13.107782,83,2.05,-67.36,0.08020883178710937,-0.03787656021118164,1.731576904296875,0.012575108245020221,-0.01030128642887444,-0.011193508928368059,0.9998052079500639
2024-06-12 16:38:13.272492,83,2.04,-66.99,0.07505083465576172,-0.03850602340698242,1.636219482421875,0.013405337593797117,-0.015211329408427387,-0.009756692948695439,0.9997468270253613
2024-06-12 16:38:13.437483,83,1.89,-69.53,0.06728888702392578,-0.03786857604980469,1.5400313720703125,0.015550732192881358,-0.009918020289578505,-0.005111280639626128,0.9998168256007556
2024-06-12 16:38:13.601827,83,1.88,-67.64,0.055641227722167966,-0.03858709716796875,1.4357552490234375,0.015481250679983379,-0.009214946910603292,0.0010001897205565767,0.9998371915606633
2024-06-12 16:38:13.766808,83,1.81,-66.59,0.04307693481445313,-0.039179336547851565,1.336062744140625,0.013186538263667629,-0.0063364766127064,0.005621228016058282,0.9998771696352104
2024-06-12 16:38:13.931765,83,1.83,-66.86,0.028815773010253905,-0.03945365142822266,1.2298746337890625,0.012329518403040285,-0.005140426978175292,0.009411754816725753,0.9998664841330404
2024-06-12 16:38:14.096809,83,1.78,-65.56,0.015273396492004394,-0.03891347122192383,1.128791259765625,0.014416156038695244,-0.0037252686250075374,0.01108804794074153,0.9998276606709516
2024-06-12 16:38:14.427355,83,1.71,-62.49,-0.012657005310058594,-0.038227630615234376,0.921432373046875,0.01457158525114759,5.230384508221077e-05,0.008545524690105997,0.9998573112015223
2024-06-12 16:38:14.592166,83,1.67,-62.51,-0.025337316513061522,-0.03841279220581055,0.8238768920898437,0.010465107309570213,0.0022617495683690115,0.00614066978699085,0.999923829813609
2024-06-12 16:38:14.756713,83,1.65,-61.45,-0.03352176284790039,-0.036195587158203125,0.743615966796875,0.011795179059972674,0.0025087460120650075,0.003927376959932316,0.9999195751989625
2024-06-12 16:38:14.921798,83,1.56,-62.11,-0.039922386169433596,-0.032485347747802734,0.6707488403320313,0.01378023234966906,0.0017291044521377625,0.0036710372590884268,0.9998968115853888
2024-06-12 16:38:15.251758,83,1.65,-62.67,-0.04494956970214844,-0.020793344497680662,0.5471041259765625,0.019282111982579026,0.0007080997455791706,0.003989011006820511,0.9998058786327363
2024-06-12 16:38:15.416849,83,1.68,-63.11,-0.04421928024291992,-0.014688469886779786,0.4931197509765625,0.01608465502588427,0.005330735612664593,0.004451207890871884,0.9998465137112635
2024-06-12 16:38:15.582001,83,1.69,-61.78,-0.038484031677246094,-0.009140646934509278,0.4443342590332031,0.01501597397600466,0.005217878085556293,0.005667681543379465,0.9998575794606653
2024-06-12 16:38:15.747032,83,1.69,-62.08,-0.028338083267211912,-0.004289617538452148,0.40616024780273435,0.015225774341922156,0.0017600178192819513,0.005948021528518577,0.9998648373334986
2024-06-12 16:38:15.911874,83,1.69,-63.54,-0.014578470230102539,0.0006349046230316163,0.3733072509765625,0.0202875184713726,-0.0027083445274061575,0.005067923877059343,0.9997776723119292
2024-06-12 16:38:16.076882,83,1.7,-64.5,-0.00045427390933036805,0.002970569610595703,0.34846145629882813,0.02214003154584206,-0.004325236585242167,0.0006109697550092712,0.9997453439832567
2024-06-12 16:38:16.408955,83,1.67,-62.41,0.0288433837890625,0.0026677019596099854,0.3409781494140625,0.015880273242116407,-0.008392552070760942,-0.010047658420652803,0.9997881948158144
2024-06-12 16:38:16.572574,83,1.63,-61.55,0.04162284851074219,0.0032851507663726807,0.37181353759765623,0.014559095657493389,-0.010144220815991487,-0.014694712663725167,0.9997345676413885
2024-06-12 16:38:16.737169,83,1.61,-62.86,0.051010467529296874,0.005584147453308106,0.42611935424804687,0.017184902123481824,-0.007344492189220379,-0.01572044816489404,0.9997017609395007
2024-06-12 16:38:16.902404,83,1.61,-63.1,0.058577171325683595,0.007654924392700196,0.5084593505859375,0.018610588618858757,-0.009277128997175027,-0.012154074950147756,0.9997098844621073
2024-06-12 16:38:17.067019,83,1.6,-61.43,0.06417745971679688,0.008265414237976075,0.6015029296875,0.01878322309974138,-0.008985573864711636,-0.007300770876019462,0.9997565375431727
2024-06-12 16:38:17.232001,83,1.6,-62.08,0.06861512756347657,0.007100832939147949,0.7120606689453125,0.015503912813336827,-0.007456432791825174,-0.0026390908594555733,0.9998485256748095
2024-06-12 16:38:17.397377,83,1.62,-62.34,0.0721948471069336,0.004455684185028076,0.8263665161132813,0.015723765715323097,-0.0064205233459190955,-0.0017112581082911586,0.9998543007328695
2024-06-12 16:38:17.561813,83,1.67,-62.48,0.07552507781982422,-0.0005032103657722473,0.9590819702148438,0.017624766996862367,-0.009882190809265327,-0.003571491957281455,0.9997894542298926
2024-06-12 16:38:17.895133,83,1.72,-66.25,0.08120939636230469,-0.013629880905151368,1.248341064453125,0.014213246322667737,-0.009798848614151175,-0.0042633815285473865,0.9998418861797432
2024-06-12 16:38:18.056742,83,1.8,-66.94,0.0830557403564453,-0.021783063888549805,1.3875634765625,0.011752008113506199,-0.004500083741622013,-0.003280825947032156,0.9999154323343799
2024-06-12 16:38:18.221786,83,1.9,-66.43,0.0862555160522461,-0.029440753936767577,1.516298095703125,0.006049482841667254,-0.006496306366316816,-0.006909146341137287,0.9999367276678769
2024-06-12 16:38:18.387192,83,1.92,-68.99,0.08932362365722656,-0.0336817626953125,1.6151845703125,0.00959778638652484,-0.009469245735634221,-0.011687005679619597,0.9998407982223632
2024-06-12 16:38:18.551857,83,2.0,-69.46,0.09221640014648437,-0.035490215301513674,1.6958077392578126,0.01392927798915787,-0.011400849106779935,-0.013514449358060222,0.99974664071366
2024-06-12 16:38:18.717624,83,2.05,-67.58,0.09269522094726562,-0.03662409591674805,1.75419677734375,0.012715765095460617,-0.012837480511573626,-0.013030145856221058,0.999751835070884
2024-06-12 16:38:18.885615,83,2.06,-68.3,0.09039408874511719,-0.0369681396484375,1.8001343994140624,0.012399018489836369,-0.01231626890361426,-0.01352002526197178,0.9997558668274
2024-06-12 16:38:19.213519,83,2.06,-68.9,0.08296692657470703,-0.03358676528930664,1.7841478271484374,0.014525352476828396,-0.006677569386796977,-0.015645929633882203,0.9997497856505255
2024-06-12 16:38:19.377390,83,2.0,-66.5,0.07896218109130859,-0.03272529983520508,1.709935791015625,0.018201278478880274,-0.012425443097067296,-0.008579547507270502,0.9997203182475143
2024-06-12 16:38:19.542312,83,2.03,-66.22,0.07256609344482422,-0.033981319427490234,1.6160745849609375,0.013001489754014797,-0.010005737682483246,0.0009301020115986441,0.9998649863652429
2024-06-12 16:38:19.707559,83,1.88,-69.18,0.06529198455810546,-0.03447634506225586,1.5239913330078125,0.014190491162417848,-0.011070600391650464,0.005468852077658912,0.9998230703116687
2024-06-12 16:38:19.873846,83,1.9,-67.68,0.05337482070922851,-0.036369647979736325,1.422906005859375,0.013901602126169888,-0.010818001923617076,0.0051725509305764516,0.9998314685666367
2024-06-12 16:38:20.036896,83,1.8,-66.45,0.039979782104492184,-0.037435558319091795,1.3258668212890625,0.018436033742810963,-0.009756482254978093,0.0018731069030369792,0.99978068301132
2024-06-12 16:38:20.201865,83,1.78,-65.8,0.024441816329956054,-0.03942670440673828,1.221230224609375,0.013895574180398643,-0.0018357099038597328,7.304519523284931e-05,0.9999017667205216
2024-06-12 16:38:20.366817,83,1.78,-65.19,0.011709809303283691,-0.04309128952026367,1.1251204833984374,0.01158289845344872,0.0011949606221940742,-0.0022794716503934174,0.9999296044367526
2024-06-12 16:38:20.533925,83,1.75,-63.38,0.001130398392677307,-0.04563922882080078,1.0236139526367187,0.009370014378502428,0.0037418680381324588,-0.005047474461785984,0.9999363551152054
2024-06-12 16:38:20.696930,83,1.71,-63.59,-0.0027933340072631837,-0.04722673797607422,0.9313065795898438,0.008588127498270929,0.0021928527903530702,-0.008192136151640488,0.999927160471286
2024-06-12 16:38:20.861957,83,1.66,-61.91,-0.001324845790863037,-0.04580274963378906,0.8429627685546875,0.012417491935751557,-0.005895271179584937,-0.009883003221382816,0.9998566778115934
2024-06-12 16:38:21.026870,83,1.65,-61.11,0.000900836169719696,-0.04414243698120117,0.772459716796875,0.010442883534438,-0.008126958814283413,-0.010554987059665058,0.9998567448764283
2024-06-12 16:38:21.356887,83,1.62,-62.44,0.0045461893081665036,-0.037571834564208983,0.6715192260742188,0.010780964820972213,-0.0056041028927289235,-0.0159178063121388,0.9997994698688089
2024-06-12 16:38:21.521828,83,1.6,-60.69,0.006105157375335693,-0.03088777732849121,0.635972412109375,0.01057142056430631,-0.004781818883722764,-0.021308248005378897,0.9997056289369377
2024-06-12 16:38:21.686985,83,1.61,-62.1,0.009762136459350586,-0.022158092498779296,0.6103936767578125,0.015084012539527118,-0.0050634960224645335,-0.023286234536649603,0.9996022163423977
2024-06-12 16:38:21.852592,83,1.62,-61.59,0.01551469612121582,-0.01269256591796875,0.5893251953125,0.01935847099304915,-0.010465252696903645,-0.023171687569734516,0.9994892738405072
2024-06-12 16:38:22.181857,83,1.61,-61.49,0.01430747413635254,0.0008989000916481018,0.6037386474609375,0.020356859660149138,-0.01260674291653232,-0.01426190322550736,0.9996115555912755
2024-06-12 16:38:22.347099,83,1.65,-62.93,0.008563033103942871,0.0049955987930297855,0.6395780029296875,0.01618717710065229,0.0020173469236461662,-0.006285195288584592,0.9998471843662288
2024-06-12 16:38:22.511925,83,1.66,-62.95,0.007207996368408203,0.009272385597229003,0.701717529296875,0.015310280285956152,-0.003106282433517248,0.005582019278095352,0.9998623857581156
2024-06-12 16:38:22.677718,83,1.67,-62.12,0.007764036655426025,0.013617385864257812,0.770431396484375,0.016440558881503645,-0.008394818343245536,0.014529614176762767,0.9997240296677808
2024-06-12 16:38:22.841978,83,1.69,-64.95,0.007653213024139404,0.018490056991577148,0.8467689208984375,0.019005315231950284,-0.0035724672502386746,0.023529360387513847,0.9995360937533386
2024-06-12 16:38:23.007048,83,1.71,-63.29,0.007984235763549804,0.02155809211730957,0.9190040893554687,0.019543996917553135,-0.0032002690181574807,0.02720928473446377,0.9994335581935707
2024-06-12 16:38:23.171975,83,1.74,-63.68,0.009661528587341308,0.02244559669494629,0.9945905151367187,0.020468453322434667,-0.00416574686693537,0.029575492701138798,0.9993442754811798
2024-06-12 16:38:23.336972,83,1.78,-64.94,0.012236328125,0.020402645111083983,1.0610218505859375,0.019321297040068203,-0.0029599907770879066,0.031332687820026225,0.9993178604042331
2024-06-12 16:38:23.502299,83,1.75,-67.1,0.01747364044189453,0.015674057006835936,1.1280233154296875,0.018058432940936953,-0.001991065950145838,0.030719110889961033,0.9993629363466869
2024-06-12 16:38:23.667027,83,1.81,-66.42,0.02571128273010254,0.010269246101379394,1.1883533935546875,0.015090724399402195,-0.0008179198442065022,0.029122101586280386,0.9994616027701478
2024-06-12 16:38:23.835388,83,1.82,-67.2,0.03847801208496094,0.003037008285522461,1.251386474609375,0.012682288887721261,-0.004308217760799138,0.026722524830080856,0.9995531484480925
2024-06-12 16:38:23.997119,83,1.77,-71.29,0.05191852569580078,-0.0031725735664367674,1.31060791015625,0.010935656546413309,-0.013691611157757612,0.023471694389161482,0.999570918414887
2024-06-12 16:38:24.162017,83,1.81,-69.03,0.06253520202636718,-0.008625301361083984,1.3724283447265626,0.012565632625209244,-0.008736134705266903,0.017621174435312466,0.9997275994746757
2024-06-12 16:38:24.327110,83,1.86,-66.51,0.06945464324951171,-0.014963028907775879,1.4311795654296875,0.011095631937784897,-0.013275207982759545,0.016526453104897323,0.9997137300699716
2024-06-12 16:38:24.491993,83,1.86,-66.9,0.07300938415527344,-0.020205165863037108,1.4961246337890626,0.012621322892740256,-0.00997531821655299,0.013558935476991338,0.9997786485545566
2024-06-12 16:38:24.826927,83,1.94,-67.56,0.0758837661743164,-0.029383663177490235,1.6298106689453125,0.010586517535805976,-0.007533922085979496,0.010062635578858444,0.9998649491073089
2024-06-12 16:38:24.986954,83,1.96,-69.35,0.07630863952636718,-0.033348934173583984,1.6974615478515624,0.010113126964022834,-0.007317209023698393,0.010231105976642119,0.9998697479177827
2024-06-12 16:38:25.151984,83,2.06,-68.0,0.07536341857910156,-0.03678380584716797,1.770938720703125,0.009884856812165386,-0.007491961024928625,0.007174738148540758,0.999897333179717
2024-06-12 16:38:25.317003,83,2.06,-68.31,0.07367678833007812,-0.03789038467407226,1.8392952880859375,0.009273038259945004,-0.0067296693681731514,0.002778180945831942,0.9999304985689674
2024-06-12 16:38:25.482308,83,2.15,-70.15,0.07214662170410156,-0.03648656463623047,1.8939468994140625,0.0032303500486450935,-0.0003343913575060404,-0.0029930441810856645,0.9999902471424396
2024-06-12 16:38:25.647438,83,2.13,-71.92,0.0722053451538086,-0.0315852108001709,1.893772216796875,0.010605024746177227,0.00039601565516147476,-0.01103481948661182,0.9998827954987628
2024-06-12 16:38:25.812460,83,2.16,-68.69,0.07567461395263672,-0.024439233779907227,1.85243603515625,0.015857808759421804,-0.012923621124346989,-0.013687139739530696,0.9996970433038715
2024-06-12 16:38:25.977191,83,2.12,-67.47,0.07522549438476563,-0.017483049392700196,1.79563818359375,0.018713456709903504,-0.01069267723478047,-0.013434261331697716,0.9996774495994817
2024-06-12 16:38:26.142394,83,2.1,-69.6,0.07198969268798829,-0.010699390411376953,1.72560107421875,0.01778491341973267,-0.008534355861851745,-0.012704713385273418,0.9997246929522808
2024-06-12 16:38:26.306973,83,2.02,-65.49,0.06606955718994141,-0.005973332405090332,1.6554581298828126,0.01935465902658568,-0.006381099938155021,-0.009886721267357252,0.9997434361469619
2024-06-12 16:38:26.472029,83,2.01,-69.4,0.058634891510009765,-0.0030575952529907227,1.5768466796875,0.015535271223073433,-0.006883690356783472,-0.005275581420009363,0.9998417073375154
2024-06-12 16:38:26.637005,83,1.98,-69.07,0.04858062362670899,-0.0008449758887290955,1.5018837890625,0.016969035963792074,-0.005616250254420931,-0.002384411794988676,0.9998374002108682
2024-06-12 16:38:26.801880,83,1.91,-68.62,0.03923500823974609,-0.0002759642004966736,1.4199901123046874,0.013473165992334874,-0.0018000529997244758,0.002909995298029857,0.99990337620274
2024-06-12 16:38:26.966961,83,1.88,-67.55,0.03144934272766113,0.000512864351272583,1.3411151123046876,0.012869416907708554,-0.005082700354101706,0.005036993304364308,0.9998915807243645
2024-06-12 16:38:27.132146,83,1.81,-68.69,0.02162442398071289,0.002112837791442871,1.2544351806640626,0.014227747782838543,-0.004172971934428007,0.004538844322669416,0.9998797627524096
2024-06-12 16:38:27.297039,83,1.82,-66.72,0.013386116981506348,0.0033342022895812987,1.1722188720703124,0.01532634800249396,-0.0005754590683544803,0.004795343457698386,0.9998708805529201
2024-06-12 16:38:27.461895,83,1.79,-64.95,0.005235435009002686,0.0052638063430786135,1.0839681396484375,0.018264467116836627,-0.002208843776881406,0.008071727852962821,0.9997981657548398
2024-06-12 16:38:27.627160,83,1.79,-62.31,-0.0016606855392456055,0.005772476673126221,0.9979475708007812,0.022242584139838144,-0.004641268602919522,0.013208492271064073,0.9996545686750294
2024-06-12 16:38:27.791976,83,1.75,-61.35,-0.008111084938049316,0.003545631170272827,0.9008521118164062,0.019572662798199417,-0.0027656002923183336,0.01672862803912561,0.9996646527430859
2024-06-12 16:38:27.957355,83,1.7,-63.96,-0.013221148490905762,-0.0002452417463064194,0.8066035766601563,0.016871752658502444,0.00043873617940377895,0.0182761597980696,0.999690522048928
2024-06-12 16:38:28.287102,83,1.67,-63.18,-0.0167847843170166,-0.008382821083068847,0.6085902709960938,0.013921208360921682,-0.0015482198656094363,0.01997690484816195,0.999702319899593
2024-06-12 16:38:28.452083,83,1.65,-62.62,-0.015120538711547851,-0.011746912002563477,0.5061894836425781,0.013528277932276454,0.002291695219088151,0.015675519282863617,0.9997829857431013
2024-06-12 16:38:28.616973,83,1.66,-62.47,-0.009449248313903808,-0.014062604904174804,0.4162800903320312,0.012243247410012693,-5.856186367734936e-05,0.012658766936569784,0.999844911589248
2024-06-12 16:38:28.781970,83,1.63,-63.04,0.00018994703888893126,-0.015897736549377442,0.33065444946289063,0.008615464138002972,-0.0013599663013091343,0.010034309549445414,0.9999116098559699
2024-06-12 16:38:28.947250,83,1.65,-63.02,0.01128165340423584,-0.015700685501098634,0.2628958435058594,0.009779331394703255,-0.0054546934126710675,0.007883567134620888,0.9999062300467857
2024-06-12 16:38:29.112021,83,1.69,-63.14,0.023800567626953126,-0.013536596298217773,0.2073865051269531,0.011651540408644778,-0.006331149764802684,0.003571665278652054,0.9999057010058152
2024-06-12 16:38:29.441930,83,1.69,-62.9,0.04442073822021484,-0.0063346619606018065,0.1938408203125,0.017109528002383797,-0.013350375467917572,-0.00795401616974514,0.9997328535514072
2024-06-12 16:38:29.936910,83,1.61,-61.32,0.06399264144897461,0.0035141453742980958,0.40384725952148437,0.015482647743586635,-0.008417152909321853,-0.006985448175609242,0.9998202982013757
2024-06-12 16:38:30.102136,83,1.6,-64.2,0.07411140441894531,0.006525159358978272,0.5067014465332031,0.017222256183554316,-0.00965851952249593,-0.002740645576565166,0.9998012807213847
2024-06-12 16:38:30.267174,83,1.58,-61.81,0.08212014007568359,0.006891829490661621,0.6074320678710937,0.01949274057840489,-0.011160707371968672,0.0005697363947176005,0.9997475499144339
2024-06-12 16:38:30.431975,83,1.53,-81.44,0.089188232421875,0.004312390327453613,0.7148894653320312,0.017399537303277254,-0.0110495161790591,0.005244875887119337,0.9997738045932187
2024-06-12 16:38:30.596962,83,1.61,-64.09,0.09416713714599609,-0.0007026553153991699,0.816217041015625,0.014974669988860687,-0.012792743888305173,0.004655047465729805,0.9997951998207368
2024-06-12 16:38:30.761972,83,1.62,-61.32,0.09634483337402344,-0.00686113452911377,0.9268911743164062,0.01284467562563972,-0.01467476339660231,0.000749407641553594,0.9998095301193938
2024-06-12 16:38:30.927014,83,1.65,-63.75,0.09559403228759765,-0.012146512985229492,1.035299072265625,0.014959482199427977,-0.012402384657796271,-0.0006878265999167445,0.999810945998387
2024-06-12 16:38:31.093797,83,1.71,-64.27,0.09197444915771484,-0.017906023025512696,1.1516678466796875,0.014197068469252304,-0.009906531190290679,0.0007901560182232202,0.9998498297230936
2024-06-12 16:38:31.257799,83,1.73,-66.52,0.08738494873046875,-0.022177427291870118,1.2688780517578124,0.011935979739548845,-0.008868484795242697,0.000939660093202022,0.9998889950892219
2024-06-12 16:38:31.421956,83,1.81,-66.11,0.08313843536376953,-0.02514196014404297,1.384328125,0.01558815960275466,-0.005217629277336035,-0.0006808588331117823,0.9998646510437869
2024-06-12 16:38:31.752220,83,1.88,-71.25,0.07762576293945313,-0.028093790054321287,1.6203074951171874,0.009050258858673891,-0.009168157323122232,-0.000340697736592485,0.9999169598314125
2024-06-12 16:38:31.917049,83,1.94,-69.21,0.07482080841064453,-0.0270132942199707,1.7160101318359375,0.010045683166899105,-0.004385968196364681,-0.00017277061036528212,0.9999399092620375
2024-06-12 16:38:32.082042,83,2.06,-67.73,0.07192333221435547,-0.02502469062805176,1.79911376953125,0.011959317846695777,-0.008880977426938018,-0.0022834406058822006,0.9998864392531006
2024-06-12 16:38:32.247287,83,2.06,-68.62,0.06846868896484375,-0.021929609298706056,1.8575528564453125,0.012762744486176987,-0.009145579217506455,-0.006371279448252733,0.9998564244555094
2024-06-12 16:38:32.577127,83,2.09,-68.51,0.06129454803466797,-0.013067347526550293,1.867656494140625,0.015353703925830372,-0.002599950763150308,-0.006830179681167924,0.9998554184821896
2024-06-12 16:38:32.742226,83,2.13,-69.68,0.05968183135986328,-0.009109807968139648,1.80541162109375,0.01652641153619193,-0.006137482514054018,-0.004160991631296941,0.9998359396585191
2024-06-12 16:38:32.907438,83,2.01,-69.26,0.05765062713623047,-0.006655174255371094,1.7313006591796876,0.01494010730243603,-0.009227233245143832,-0.0005736789601295301,0.9998456493108671
2024-06-12 16:38:33.072129,83,2.03,-69.15,0.054787906646728515,-0.005085600852966309,1.646001220703125,0.013101928202541935,-0.007247293955390784,0.0006822407951761036,0.9998876687377646
2024-06-12 16:38:33.237206,83,1.97,-67.51,0.04862260437011719,-0.0038892321586608885,1.5634986572265626,0.012916688937201453,-0.0072188222999153,-0.0021879641180413815,0.9998881232741363
2024-06-12 16:38:33.402057,83,1.96,-68.18,0.04575775909423828,-0.002056051254272461,1.471265380859375,0.014612978639562199,-0.008068889857107265,0.0002828558221180107,0.9998606271775428
2024-06-12 16:38:33.567313,83,1.89,-67.68,0.03948699188232422,-0.0009106610417366028,1.383400634765625,0.016248843529696626,-0.005795107046302403,0.0012456571124142117,0.9998504109554951
2024-06-12 16:38:33.732190,83,1.84,-69.43,0.031896764755249024,-0.0001618383675813675,1.2860140380859375,0.01408988778799592,-0.006133324523757471,0.0017595974064521657,0.9998803737732993
2024-06-12 16:38:34.062075,83,1.76,-64.75,0.01779691505432129,0.0013386433124542236,1.09541259765625,0.017161334824712163,-0.00626724410802955,0.004349371110600541,0.999823629203942
2024-06-12 16:38:34.227066,83,1.71,-63.04,0.01050834846496582,0.0008186248540878295,0.999297119140625,0.016707383219288857,-0.008231064256852981,0.005881908141779354,0.9998092394913524
2024-06-12 16:38:34.392039,83,1.73,-62.49,0.0011724534034729004,-0.00048503187298774717,0.8923754272460938,0.016648185671608223,-0.008528629424983728,0.010036808474851543,0.999774654151212
2024-06-12 16:38:34.556936,83,1.72,-61.88,-0.008911389350891114,-0.00205746603012085,0.7839606323242188,0.016450022740761253,-0.004703318668371709,0.015579648490754829,0.9997322424403554
2024-06-12 16:38:34.722071,83,1.65,-62.01,-0.019700809478759764,-0.0048532943725585935,0.659023193359375,0.01779633810455922,-0.0006436153015374991,0.01886837466393292,0.9996633708125097
2024-06-12 16:38:34.887331,83,1.66,-62.21,-0.02784123420715332,-0.008550774574279786,0.5313741455078125,0.0191584623792408,0.0018010400102624305,0.01721551437324579,0.99966660544813
2024-06-12 16:38:35.217072,83,1.66,-63.57,-0.03412501525878906,-0.018806684494018556,0.2568529052734375,0.013464460226690105,0.004250545893621098,0.01129570405411335,0.9998365134471964
2024-06-12 16:38:35.381977,83,1.74,-63.17,-0.029226280212402343,-0.02302689552307129,0.1312618408203125,0.01271070117902924,0.0030624987623251534,0.0038448030974798757,0.9999071316511748
2024-06-12 16:38:35.547189,83,1.8,-60.53,-0.022636028289794923,-0.023823410034179687,0.0824778823852539,0.0016776391676713615,-0.014912163835689166,-0.004935532607301133,0.9998752173413874
2024-06-12 16:38:35.712019,83,1.75,-61.63,-0.02163701629638672,-0.019924436569213867,0.1492779541015625,0.014345706157870322,0.007080296837296617,-0.025585952121383267,0.9995446062291399
2024-06-12 16:38:35.877359,83,1.69,-65.35,-0.013879803657531739,-0.012451728820800782,0.27631317138671874,0.01807746501803306,0.003661854915918864,-0.03755909858291524,0.9991241732436078
2024-06-12 16:38:36.042111,83,1.65,-62.29,8.142787963151932e-05,-0.004223709583282471,0.42833514404296874,0.012689478865149087,-0.006060844736149828,-0.035133785888678735,0.9992836681331579
2024-06-12 16:38:36.207159,83,1.67,-62.29,0.013696355819702149,0.003436373472213745,0.5725304565429687,0.015848371891066762,-0.010221092853119486,-0.024216918662350193,0.9995288409474943
2024-06-12 16:38:36.372015,83,1.66,-61.69,0.02551618194580078,0.009271838188171387,0.72367333984375,0.019396140245578054,-0.010224357044012963,-0.01054478402103602,0.9997039818724213
2024-06-12 16:38:36.537206,83,1.65,-64.18,0.03447740173339844,0.011775858879089355,0.8628739013671874,0.01798779007738753,-0.007981273057738183,-0.00021357805878788674,0.9998063332062919
2024-06-12 16:38:36.703949,83,1.72,-62.05,0.04377347946166992,0.011578994750976563,1.0065206298828124,0.0173354226042319,-0.009902765246457113,0.005318777930328295,0.999786540435147
2024-06-12 16:38:36.867058,83,1.72,-64.88,0.05208947372436523,0.008603947639465332,1.1387159423828126,0.019543534718723027,-0.01123008196026406,0.006784404166232094,0.9997229117715603
2024-06-12 16:38:37.032020,83,1.78,-66.68,0.060122798919677735,0.003446796178817749,1.273423828125,0.013874382332795768,-0.008952933573631932,0.006819728684991015,0.9998404032786378
2024-06-12 16:38:37.197146,83,1.84,-67.4,0.06720964050292969,-0.0025010151863098145,1.38899658203125,0.01216974739899425,-0.007582994050245181,0.00454279041542498,0.9998868714357608
2024-06-12 16:38:37.362004,83,1.86,-67.09,0.07362730407714843,-0.007523728370666504,1.4947974853515624,0.011476309446707059,-0.007074852231792643,0.0023831954104452696,0.9999062747544605
2024-06-12 16:38:37.527104,83,1.88,-68.44,0.07991458129882813,-0.0117920560836792,1.577848388671875,0.013499763603041708,-0.009235133664735124,0.001862700885527147,0.9998644871088119
2024-06-12 16:38:37.692208,83,1.97,-66.9,0.08528224945068359,-0.016082136154174805,1.6474249267578125,0.014870256771940475,-0.011129990386069053,0.0026992240863110317,0.9998238453088705
2024-06-12 16:38:37.857987,83,2.04,-67.21,0.08824567413330078,-0.02053622055053711,1.698784423828125,0.01576045706694892,-0.010686592590428052,0.0029490732457873314,0.9998143366478263
2024-06-12 16:38:38.022027,83,1.99,-68.75,0.09077983093261718,-0.025010982513427735,1.741918212890625,0.014452080771867246,-0.011468202575603891,0.0058581857848298505,0.9998126301465787
2024-06-12 16:38:38.187352,83,1.97,-69.14,0.09062212371826171,-0.02995503807067871,1.773867431640625,0.011497839762395946,-0.010048778112433135,0.006280025893116191,0.9998636823367266
2024-06-12 16:38:38.352161,83,2.04,-67.09,0.08978577423095703,-0.03335600662231445,1.7847818603515626,0.006878245236397869,-0.009069306201493443,0.0052269229196227965,0.99992155721084
2024-06-12 16:38:38.682014,83,2.02,-68.36,0.08863803100585937,-0.038324470520019534,1.652055419921875,0.013540505363675962,-0.012189983124421667,0.0008439326026922257,0.9998336594041574
2024-06-12 16:38:38.847160,83,1.97,-68.54,0.08574102783203125,-0.04102007675170898,1.5567069091796875,0.012462401165854259,-0.013841375374519344,0.0027117489622408256,0.9998228616584733
2024-06-12 16:38:39.012178,83,1.9,-68.97,0.08013502502441407,-0.04174456405639648,1.449645751953125,0.011646649660109587,-0.014081985352463628,0.004801219575737601,0.9998214905078201
2024-06-12 16:38:39.177187,83,1.82,-67.75,0.07061444854736328,-0.04251348876953125,1.3454725341796876,0.012937305488960155,-0.00827378279041674,0.004931922635851897,0.999869919303445
2024-06-12 16:38:39.342249,83,1.75,-66.22,0.06005454635620117,-0.041436595916748045,1.234185791015625,0.014294538992784381,-0.008997011697141859,0.00667431990861877,0.999835075248981
2024-06-12 16:38:39.508851,83,1.76,-64.42,0.048366275787353516,-0.040254508972167966,1.12668017578125,0.015862306372667404,-0.009898817459534902,0.010857879705295111,0.9997662181573771
2024-06-12 16:38:39.675632,83,1.69,-63.04,0.03380135726928711,-0.03963462448120117,1.0068822631835936,0.018902738693750497,-0.005543959672997248,0.013751437599282199,0.9997113750095468
2024-06-12 16:38:39.839126,83,1.67,-62.4,0.019783895492553712,-0.04020469284057617,0.88768310546875,0.016409982152251795,-0.0033910054964611997,0.016742810090804493,0.9997194015693026
2024-06-12 16:38:40.006984,83,1.66,-61.91,0.005390868663787842,-0.04233194732666016,0.7543259887695313,0.01502449253073347,-0.0011997609748176088,0.020306476749971585,0.9996801773881091
2024-06-12 16:38:40.167546,83,1.63,-61.56,-0.005968390941619873,-0.04397383499145508,0.6264186401367188,0.015328102190858901,0.0029891419056153933,0.026103378923267705,0.9995372640367094
2024-06-12 16:38:40.332289,83,1.63,-61.84,-0.014699363708496093,-0.045310382843017576,0.487767333984375,0.014984891561428619,-0.0028556248456184613,0.030939163694754634,0.9994048567887117
2024-06-12 16:38:40.498855,83,1.64,-62.56,-0.02165308380126953,-0.046861961364746095,0.34332183837890623,0.012555466114647407,-0.002117287964882145,0.03171813689132372,0.9994157410548467
2024-06-12 16:38:40.663701,83,1.66,-63.74,-0.02727666664123535,-0.0476502799987793,0.2093126220703125,0.012609375562357384,-0.004091086430488433,0.028257949152469087,0.999512754886092
2024-06-12 16:38:40.827196,83,1.73,-60.67,-0.03142126274108887,-0.04751794052124023,0.09682768249511718,0.012416117386915252,-0.0001427996412504998,0.02278632417462719,0.9996632441099796
2024-06-12 16:38:40.992297,83,1.75,-61.55,-0.04175139999389649,-0.04733116149902344,0.09875680541992188,0.001323031454006277,-0.039911984159822445,0.008534310058176935,0.9991658725422515
2024-06-12 16:38:41.157130,83,1.78,-60.56,-0.054129154205322265,-0.040990455627441406,0.12031914520263672,0.0119632954442791,0.03179294701448575,-0.006597413274182903,0.9994010994528791
2024-06-12 16:38:41.323817,83,1.78,-60.97,-0.056710186004638674,-0.030110128402709962,0.12887870788574218,0.011858391583199289,0.017380734886166007,-0.010976505301483653,0.999718365647385
2024-06-12 16:38:41.487500,83,1.75,-60.66,-0.04736415100097656,-0.018100185394287108,0.12286769104003906,0.015393184024206388,0.0032263876900497446,-0.006812557862654009,0.9998531010138756
2024-06-12 16:38:41.652098,83,1.8,-59.87,-0.03193771934509277,-0.005263516426086426,0.11287953948974609,0.02008762394376318,-0.0036856806824872687,0.0009374567060919605,0.999790996823673
2024-06-12 16:38:41.817345,83,1.77,-62.68,-0.015543269157409669,0.005346428394317627,0.10464509582519531,0.018029494142796983,-0.0032608000068930307,0.004292181057274533,0.9998229287255765
2024-06-12 16:38:42.147073,83,1.77,-62.95,0.022752504348754882,0.02433808708190918,0.09165638732910156,0.01752672651091614,-0.011339413800407334,0.0017954537420111156,0.9997804743492784
2024-06-12 16:38:42.312072,83,1.73,-61.97,0.04275574493408203,0.03224686050415039,0.08115365600585937,0.02220610328758412,-0.0010409528679086637,-0.00974125851437459,0.9997054202592306
2024-06-12 16:38:42.477310,83,1.74,-61.5,0.05864595031738281,0.035864124298095705,0.08122109985351562,0.02448334368254156,-0.008825073643471263,-0.022713798252707376,0.9994032017734785
2024-06-12 16:38:42.974230,83,1.74,-60.98,0.08730144500732422,0.031781768798828124,0.08040200042724609,0.028223686029142415,-0.011563972415964933,-0.03753137363598668,0.9988298573514367
2024-06-12 16:38:43.304084,83,1.72,-61.7,0.08814682006835937,0.025903491973876952,0.08020719909667968,0.0323986970362486,-0.017481290902488428,-0.02286440448179211,0.9990605322251973
2024-06-12 16:38:43.632206,83,1.73,-61.26,0.08776812744140625,0.02525999450683594,0.0797880859375,0.03391109100476898,-0.020640455493246612,-0.02350428473101934,0.9989352145352342
2024-06-12 16:38:45.117104,83,1.72,-61.34,0.08820287322998047,0.024695642471313478,0.07924928283691406,0.03278485943141733,-0.018319516421573773,-0.019894630741436117,0.9990964622321142
2024-06-12 16:38:45.943061,83,1.71,-61.49,0.08809835052490235,0.025554801940917967,0.07884337615966797,0.023658518863487663,-0.019728989312800416,-0.01994577308187247,0.9993263747389927
2024-06-12 16:38:46.272790,83,1.71,-61.4,0.0874889907836914,0.026620397567749022,0.07830717468261719,0.007795178785060191,-0.02121200007675773,-0.020953307592717997,0.9995250020824024
2024-06-12 16:38:46.437233,83,1.72,-61.37,0.08791551208496094,0.025560773849487305,0.07807317352294922,0.021205903043830764,-0.020492890827844265,-0.02082281922310791,0.9993481672285927
